"","pcktsCount","pcktsLost","dteTime"
"1",986.58,6.12,2017-01-08 00:00:00
"2",984.47,7.09,2017-01-08 01:00:00
"3",984.64,6.62,2017-01-08 02:00:00
"4",997.94,6.2,2017-01-08 03:00:00
"5",987.24,5.38,2017-01-08 04:00:00
"6",976.99,5.71,2017-01-08 05:00:00
"7",978.02,6.19,2017-01-08 06:00:00
"8",994.43,5.38,2017-01-08 07:00:00
"9",992.18,5.52,2017-01-08 08:00:00
"10",990.59,4.53,2017-01-08 09:00:00
"11",993.97,4.44,2017-01-08 10:00:00
"12",997.14,5.42,2017-01-08 11:00:00
"13",977.35,8.06,2017-01-08 12:00:00
"14",982.51,9.5,2017-01-08 13:00:00
"15",989.12,8.56,2017-01-08 14:00:00
"16",995.19,10.01,2017-01-08 15:00:00
"17",986.45,9.23,2017-01-08 16:00:00
"18",989.75,6.39,2017-01-08 17:00:00
"19",963.67,7.97,2017-01-08 18:00:00
"20",962.48,8.76,2017-01-08 19:00:00
"21",971.37,9.42,2017-01-08 20:00:00
"22",973.87,6.31,2017-01-08 21:00:00
"23",971.68,7.77,2017-01-08 22:00:00
"24",971.91,6.81,2017-01-08 23:00:00
"25",965.02,7.81,2017-01-09 00:00:00
"26",1123.42,9.02,2017-01-09 01:00:00
"27",1076.35,8.75,2017-01-09 02:00:00
"28",911.95,5.46,2017-01-09 03:00:00
"29",874.35,7.31,2017-01-09 04:00:00
"30",1018.56,7.59,2017-01-09 05:00:00
"31",823.38,8.86,2017-01-09 06:00:00
"32",911.75,4.66,2017-01-09 07:00:00
"33",1038.93,5.94,2017-01-09 08:00:00
"34",1022.86,6.14,2017-01-09 09:00:00
"35",1176.98,6.52,2017-01-09 10:00:00
"36",899.79,4.95,2017-01-09 11:00:00
"37",884.63,9.52,2017-01-09 12:00:00
"38",1134.72,6.95,2017-01-09 13:00:00
"39",996.42,9.69,2017-01-09 14:00:00
"40",1012.78,14.37,2017-01-09 15:00:00
"41",850.54,12.91,2017-01-09 16:00:00
"42",1062.47,7.2,2017-01-09 17:00:00
"43",1015.31,11.12,2017-01-09 18:00:00
"44",880.69,6.68,2017-01-09 19:00:00
"45",1145.42,13.99,2017-01-09 20:00:00
"46",957.58,5.13,2017-01-09 21:00:00
"47",941.05,7.32,2017-01-09 22:00:00
"48",963.46,8.53,2017-01-09 23:00:00
"49",848.47,10.03,2017-01-10 00:00:00
"50",1011.48,11.07,2017-01-10 01:00:00
"51",1023.61,9.49,2017-01-10 02:00:00
"52",1192.83,10.41,2017-01-10 03:00:00
"53",1026.07,7.78,2017-01-10 04:00:00
"54",1054.14,5.49,2017-01-10 05:00:00
"55",819.36,7.03,2017-01-10 06:00:00
"56",938.31,5.71,2017-01-10 07:00:00
"57",914.97,5.89,2017-01-10 08:00:00
"58",1134.16,6.41,2017-01-10 09:00:00
"59",1133.12,4.67,2017-01-10 10:00:00
"60",1015.13,7.1,2017-01-10 11:00:00
"61",913.18,13.2,2017-01-10 12:00:00
"62",1084.83,11.23,2017-01-10 13:00:00
"63",826.04,6.72,2017-01-10 14:00:00
"64",1102.53,9.37,2017-01-10 15:00:00
"65",1011.84,9.91,2017-01-10 16:00:00
"66",898.79,7.4,2017-01-10 17:00:00
"67",955.16,6.6,2017-01-10 18:00:00
"68",1090.98,9.79,2017-01-10 19:00:00
"69",810.27,8.9,2017-01-10 20:00:00
"70",831.73,8.93,2017-01-10 21:00:00
"71",777.89,8.61,2017-01-10 22:00:00
"72",915.42,8.62,2017-01-10 23:00:00
"73",1169.19,7.7,2017-01-11 00:00:00
"74",1015.93,6.3,2017-01-11 01:00:00
"75",1093.32,5.95,2017-01-11 02:00:00
"76",824.16,5.88,2017-01-11 03:00:00
"77",1036.47,7.5,2017-01-11 04:00:00
"78",1072.03,5.22,2017-01-11 05:00:00
"79",1058.29,7.88,2017-01-11 06:00:00
"80",867.2,7.35,2017-01-11 07:00:00
"81",924.69,6.35,2017-01-11 08:00:00
"82",1154.26,5.68,2017-01-11 09:00:00
"83",960.21,5.38,2017-01-11 10:00:00
"84",809.32,6.37,2017-01-11 11:00:00
"85",831.49,7.51,2017-01-11 12:00:00
"86",1121.35,8.41,2017-01-11 13:00:00
"87",1119.41,9.25,2017-01-11 14:00:00
"88",954.89,7.23,2017-01-11 15:00:00
"89",867.41,9.65,2017-01-11 16:00:00
"90",906.47,4.65,2017-01-11 17:00:00
"91",907.72,8.14,2017-01-11 18:00:00
"92",1112.13,9.76,2017-01-11 19:00:00
"93",1157.98,8.06,2017-01-11 20:00:00
"94",958.55,5.59,2017-01-11 21:00:00
"95",891.57,7.83,2017-01-11 22:00:00
"96",1095.46,4.3,2017-01-11 23:00:00
"97",1148.99,8.22,2017-01-12 00:00:00
"98",1037.21,10.31,2017-01-12 01:00:00
"99",834.33,5.67,2017-01-12 02:00:00
"100",1128.44,6.77,2017-01-12 03:00:00
"101",813.75,4.19,2017-01-12 04:00:00
"102",1052.35,8.28,2017-01-12 05:00:00
"103",938.67,8.82,2017-01-12 06:00:00
"104",1078.46,5.47,2017-01-12 07:00:00
"105",1012.95,7.26,2017-01-12 08:00:00
"106",902.87,3.79,2017-01-12 09:00:00
"107",1130.78,7.04,2017-01-12 10:00:00
"108",1136.13,4.75,2017-01-12 11:00:00
"109",786.16,8.45,2017-01-12 12:00:00
"110",1079.31,9.17,2017-01-12 13:00:00
"111",1028.66,11.81,2017-01-12 14:00:00
"112",917.85,10.2,2017-01-12 15:00:00
"113",1158.16,8.7,2017-01-12 16:00:00
"114",831.36,7.8,2017-01-12 17:00:00
"115",1137.04,7.7,2017-01-12 18:00:00
"116",784.73,12.66,2017-01-12 19:00:00
"117",1139.41,11.25,2017-01-12 20:00:00
"118",869.99,8.46,2017-01-12 21:00:00
"119",933.65,8.58,2017-01-12 22:00:00
"120",1044.01,6.84,2017-01-12 23:00:00
"121",1084.79,6.63,2017-01-13 00:00:00
"122",804.66,8.91,2017-01-13 01:00:00
"123",1090.73,8.76,2017-01-13 02:00:00
"124",967.22,6.33,2017-01-13 03:00:00
"125",1044.91,6.47,2017-01-13 04:00:00
"126",986.59,6.62,2017-01-13 05:00:00
"127",795.01,10.17,2017-01-13 06:00:00
"128",1093.13,5.77,2017-01-13 07:00:00
"129",992.23,8.07,2017-01-13 08:00:00
"130",1145.78,8.03,2017-01-13 09:00:00
"131",1097.83,5.57,2017-01-13 10:00:00
"132",1058.45,7.23,2017-01-13 11:00:00
"133",1057.5,9.52,2017-01-13 12:00:00
"134",836.12,11.62,2017-01-13 13:00:00
"135",828.19,12.04,2017-01-13 14:00:00
"136",888.09,14.89,2017-01-13 15:00:00
"137",1135.9,11.88,2017-01-13 16:00:00
"138",909.25,7.97,2017-01-13 17:00:00
"139",822.86,8.98,2017-01-13 18:00:00
"140",900.83,7.54,2017-01-13 19:00:00
"141",822.93,9.65,2017-01-13 20:00:00
"142",1058.88,6.29,2017-01-13 21:00:00
"143",1064.9,7.15,2017-01-13 22:00:00
"144",799.85,8.62,2017-01-13 23:00:00
"145",993.52,6.35,2017-01-14 00:00:00
"146",1043.37,7.55,2017-01-14 01:00:00
"147",1047.01,6.72,2017-01-14 02:00:00
"148",920.07,8.35,2017-01-14 03:00:00
"149",1038.87,5.39,2017-01-14 04:00:00
"150",1128.17,3.87,2017-01-14 05:00:00
"151",1028.23,8.03,2017-01-14 06:00:00
"152",912.86,4.26,2017-01-14 07:00:00
"153",1000.49,3.53,2017-01-14 08:00:00
"154",1087.75,2.81,2017-01-14 09:00:00
"155",1050.88,4.26,2017-01-14 10:00:00
"156",1132.57,5.89,2017-01-14 11:00:00
"157",992.62,8.29,2017-01-14 12:00:00
"158",1088.68,13.15,2017-01-14 13:00:00
"159",1017.75,6.95,2017-01-14 14:00:00
"160",928.49,8.01,2017-01-14 15:00:00
"161",1088.6,5.78,2017-01-14 16:00:00
"162",1053.18,7.27,2017-01-14 17:00:00
"163",1061.63,7.51,2017-01-14 18:00:00
"164",810.75,8.27,2017-01-14 19:00:00
"165",910.05,9.72,2017-01-14 20:00:00
"166",1161.22,7.89,2017-01-14 21:00:00
"167",1009.57,4.82,2017-01-14 22:00:00
"168",897.52,7.68,2017-01-14 23:00:00
"169",947.83,4.7,2017-01-15 00:00:00
"170",1007.84,5.31,2017-01-15 01:00:00
"171",1131.11,8.48,2017-01-15 02:00:00
"172",872.13,5.58,2017-01-15 03:00:00
"173",967.84,4.86,2017-01-15 04:00:00
"174",1039.24,7.46,2017-01-15 05:00:00
"175",1148.03,7.54,2017-01-15 06:00:00
"176",847.7,8.27,2017-01-15 07:00:00
"177",840.49,7.18,2017-01-15 08:00:00
"178",864.53,5.1,2017-01-15 09:00:00
"179",828.82,4.83,2017-01-15 10:00:00
"180",860.41,7.5,2017-01-15 11:00:00
"181",1056.71,11.63,2017-01-15 12:00:00
"182",849.8,9.16,2017-01-15 13:00:00
"183",1147.16,8.37,2017-01-15 14:00:00
"184",1040.79,8.06,2017-01-15 15:00:00
"185",1178.1,6.91,2017-01-15 16:00:00
"186",860.41,5.3,2017-01-15 17:00:00
"187",817.28,7.67,2017-01-15 18:00:00
"188",837.46,7.92,2017-01-15 19:00:00
"189",907.82,11.71,2017-01-15 20:00:00
"190",1154.83,9.37,2017-01-15 21:00:00
"191",1055.1,6.97,2017-01-15 22:00:00
"192",790.02,5.3,2017-01-15 23:00:00
"193",1148.7,9.16,2017-01-16 00:00:00
"194",988.22,9.85,2017-01-16 01:00:00
"195",1029.12,6.22,2017-01-16 02:00:00
"196",1087.61,7.34,2017-01-16 03:00:00
"197",856.66,7.1,2017-01-16 04:00:00
"198",825.82,5.72,2017-01-16 05:00:00
"199",888.39,6.18,2017-01-16 06:00:00
"200",863.38,6.04,2017-01-16 07:00:00
"201",952.59,5.18,2017-01-16 08:00:00
"202",912.15,6.28,2017-01-16 09:00:00
"203",1070.26,4.04,2017-01-16 10:00:00
"204",1089.59,5.82,2017-01-16 11:00:00
"205",809.59,8.04,2017-01-16 12:00:00
"206",994.89,8.94,2017-01-16 13:00:00
"207",882.09,11.72,2017-01-16 14:00:00
"208",850.25,13.55,2017-01-16 15:00:00
"209",1067.17,7.34,2017-01-16 16:00:00
"210",1087.79,5.81,2017-01-16 17:00:00
"211",986.47,9.96,2017-01-16 18:00:00
"212",989.65,10.89,2017-01-16 19:00:00
"213",819.71,9.78,2017-01-16 20:00:00
"214",987.68,10.5,2017-01-16 21:00:00
"215",909.62,5.97,2017-01-16 22:00:00
"216",903.42,10.58,2017-01-16 23:00:00
"217",1039.01,7.61,2017-01-17 00:00:00
"218",983.67,7.59,2017-01-17 01:00:00
"219",961.37,8.86,2017-01-17 02:00:00
"220",873.32,4.13,2017-01-17 03:00:00
"221",1118.21,4.17,2017-01-17 04:00:00
"222",1149.15,3.99,2017-01-17 05:00:00
"223",1029.3,4.53,2017-01-17 06:00:00
"224",1171.86,5.19,2017-01-17 07:00:00
"225",809.51,6.23,2017-01-17 08:00:00
"226",806.91,5.33,2017-01-17 09:00:00
"227",1047.46,5.65,2017-01-17 10:00:00
"228",801.55,6.31,2017-01-17 11:00:00
"229",869.47,7.67,2017-01-17 12:00:00
"230",882.17,9.44,2017-01-17 13:00:00
"231",1055.04,6.29,2017-01-17 14:00:00
"232",854.19,8.93,2017-01-17 15:00:00
"233",984.88,6.9,2017-01-17 16:00:00
"234",1183.61,8.29,2017-01-17 17:00:00
"235",800.01,7.14,2017-01-17 18:00:00
"236",905.9,9.15,2017-01-17 19:00:00
"237",937.03,6.43,2017-01-17 20:00:00
"238",1079.52,5.12,2017-01-17 21:00:00
"239",1034.8,5.46,2017-01-17 22:00:00
"240",922.75,8.68,2017-01-17 23:00:00
"241",1132.16,4.36,2017-01-18 00:00:00
"242",904.56,7.5,2017-01-18 01:00:00
"243",808.97,7.46,2017-01-18 02:00:00
"244",1112.14,5.92,2017-01-18 03:00:00
"245",972.87,5.14,2017-01-18 04:00:00
"246",894.62,8.46,2017-01-18 05:00:00
"247",1045.81,6.89,2017-01-18 06:00:00
"248",865.79,4.4,2017-01-18 07:00:00
"249",894.26,5.7,2017-01-18 08:00:00
"250",1147.53,4.88,2017-01-18 09:00:00
"251",1013.21,6.11,2017-01-18 10:00:00
"252",1041.92,4.71,2017-01-18 11:00:00
"253",1103.84,9.34,2017-01-18 12:00:00
"254",872.01,13.57,2017-01-18 13:00:00
"255",865.08,6.44,2017-01-18 14:00:00
"256",933.56,8.66,2017-01-18 15:00:00
"257",1027.7,7.51,2017-01-18 16:00:00
"258",1087.24,5.74,2017-01-18 17:00:00
"259",834.51,6.54,2017-01-18 18:00:00
"260",999.52,11.72,2017-01-18 19:00:00
"261",1141.6,9.49,2017-01-18 20:00:00
"262",1098.6,7.79,2017-01-18 21:00:00
"263",1008.66,10.43,2017-01-18 22:00:00
"264",821.45,9.14,2017-01-18 23:00:00
"265",975.54,8.72,2017-01-19 00:00:00
"266",930.26,6.49,2017-01-19 01:00:00
"267",994.19,7.54,2017-01-19 02:00:00
"268",1154.57,6.68,2017-01-19 03:00:00
"269",1141.22,6.82,2017-01-19 04:00:00
"270",1141.31,7.19,2017-01-19 05:00:00
"271",888.03,7.56,2017-01-19 06:00:00
"272",862.86,6.55,2017-01-19 07:00:00
"273",1020.61,8.98,2017-01-19 08:00:00
"274",1149.58,7.16,2017-01-19 09:00:00
"275",1166.17,5.7,2017-01-19 10:00:00
"276",1102.69,7.71,2017-01-19 11:00:00
"277",1104.31,9.75,2017-01-19 12:00:00
"278",788.69,13.02,2017-01-19 13:00:00
"279",1025.01,10.39,2017-01-19 14:00:00
"280",931.51,14.93,2017-01-19 15:00:00
"281",866.27,13.47,2017-01-19 16:00:00
"282",1020,10.14,2017-01-19 17:00:00
"283",945.24,12.66,2017-01-19 18:00:00
"284",1102.14,9.59,2017-01-19 19:00:00
"285",977.65,8.93,2017-01-19 20:00:00
"286",1007.69,8.8,2017-01-19 21:00:00
"287",979.36,10.64,2017-01-19 22:00:00
"288",1147.45,8.19,2017-01-19 23:00:00
"289",902.13,3.92,2017-01-20 00:00:00
"290",918.92,9.91,2017-01-20 01:00:00
"291",818.17,6.31,2017-01-20 02:00:00
"292",830.45,7.14,2017-01-20 03:00:00
"293",832.38,3.59,2017-01-20 04:00:00
"294",819.07,7.4,2017-01-20 05:00:00
"295",845.37,6.79,2017-01-20 06:00:00
"296",1045.67,7.27,2017-01-20 07:00:00
"297",1097.62,4.56,2017-01-20 08:00:00
"298",871.64,5.01,2017-01-20 09:00:00
"299",869.37,5.08,2017-01-20 10:00:00
"300",959.68,4.94,2017-01-20 11:00:00
"301",1018.13,8.51,2017-01-20 12:00:00
"302",982.57,11.12,2017-01-20 13:00:00
"303",1138.76,11.88,2017-01-20 14:00:00
"304",1182.87,11.02,2017-01-20 15:00:00
"305",802.77,11.47,2017-01-20 16:00:00
"306",852.46,5.97,2017-01-20 17:00:00
"307",950.55,10.1,2017-01-20 18:00:00
"308",1134.16,8.54,2017-01-20 19:00:00
"309",938.23,10.63,2017-01-20 20:00:00
"310",870.43,7.15,2017-01-20 21:00:00
"311",1013.51,6.03,2017-01-20 22:00:00
"312",923.42,8.91,2017-01-20 23:00:00
"313",1157.01,9.03,2017-01-21 00:00:00
"314",922.7,8.45,2017-01-21 01:00:00
"315",851.18,9.06,2017-01-21 02:00:00
"316",1156.11,9.26,2017-01-21 03:00:00
"317",996.63,6.11,2017-01-21 04:00:00
"318",856.21,6.15,2017-01-21 05:00:00
"319",956.48,7.14,2017-01-21 06:00:00
"320",933.59,5.13,2017-01-21 07:00:00
"321",1170.73,6.78,2017-01-21 08:00:00
"322",984.2,4.79,2017-01-21 09:00:00
"323",1153.6,6.13,2017-01-21 10:00:00
"324",850.67,4.74,2017-01-21 11:00:00
"325",932.49,11.5,2017-01-21 12:00:00
"326",1053.79,8.72,2017-01-21 13:00:00
"327",874.11,9.92,2017-01-21 14:00:00
"328",999.6,10.52,2017-01-21 15:00:00
"329",1079.24,12.16,2017-01-21 16:00:00
"330",898.92,7.98,2017-01-21 17:00:00
"331",984.29,9.07,2017-01-21 18:00:00
"332",860.57,11.41,2017-01-21 19:00:00
"333",843.91,12.97,2017-01-21 20:00:00
"334",943.3,7.56,2017-01-21 21:00:00
"335",1145.26,7.86,2017-01-21 22:00:00
"336",860.48,7.51,2017-01-21 23:00:00
"337",819.69,8.21,2017-01-22 00:00:00
"338",800.32,6.91,2017-01-22 01:00:00
"339",835.91,7.09,2017-01-22 02:00:00
"340",1051.04,4.95,2017-01-22 03:00:00
"341",973.21,7.77,2017-01-22 04:00:00
"342",842.53,6.91,2017-01-22 05:00:00
"343",1002.17,8.88,2017-01-22 06:00:00
"344",1136.42,7.59,2017-01-22 07:00:00
"345",1061.59,6.6,2017-01-22 08:00:00
"346",1106.2,7.21,2017-01-22 09:00:00
"347",1027.27,5.21,2017-01-22 10:00:00
"348",933.17,7.66,2017-01-22 11:00:00
"349",1165.42,9.2,2017-01-22 12:00:00
"350",1071.34,13.86,2017-01-22 13:00:00
"351",1137.7,13.12,2017-01-22 14:00:00
"352",1078.57,10.58,2017-01-22 15:00:00
"353",1118.07,10.09,2017-01-22 16:00:00
"354",1115.84,6.29,2017-01-22 17:00:00
"355",920.66,11.39,2017-01-22 18:00:00
"356",834.47,8.02,2017-01-22 19:00:00
"357",794.23,12.47,2017-01-22 20:00:00
"358",924.72,8.19,2017-01-22 21:00:00
"359",1007.38,11.09,2017-01-22 22:00:00
"360",987.97,9.51,2017-01-22 23:00:00
"361",1025.2,4.61,2017-01-23 00:00:00
"362",1048.34,9.1,2017-01-23 01:00:00
"363",1002.82,9.09,2017-01-23 02:00:00
"364",851.45,5.47,2017-01-23 03:00:00
"365",989.38,4.31,2017-01-23 04:00:00
"366",838.22,5.55,2017-01-23 05:00:00
"367",1107.49,6.28,2017-01-23 06:00:00
"368",1127.19,6.13,2017-01-23 07:00:00
"369",1141.9,4.38,2017-01-23 08:00:00
"370",1052.97,5.14,2017-01-23 09:00:00
"371",921.28,3.98,2017-01-23 10:00:00
"372",972.84,3.42,2017-01-23 11:00:00
"373",1063.33,7.22,2017-01-23 12:00:00
"374",1165.81,12.49,2017-01-23 13:00:00
"375",1185.39,11.84,2017-01-23 14:00:00
"376",1153.2,11.88,2017-01-23 15:00:00
"377",1082.4,8.28,2017-01-23 16:00:00
"378",979.7,8.88,2017-01-23 17:00:00
"379",888.57,9.62,2017-01-23 18:00:00
"380",1118.84,10.41,2017-01-23 19:00:00
"381",804.65,7.91,2017-01-23 20:00:00
"382",888.88,8.45,2017-01-23 21:00:00
"383",806.05,5.46,2017-01-23 22:00:00
"384",970.51,7.02,2017-01-23 23:00:00
"385",901.7,5,2017-01-24 00:00:00
"386",1112.87,5.05,2017-01-24 01:00:00
"387",839.27,5.93,2017-01-24 02:00:00
"388",961.54,7.13,2017-01-24 03:00:00
"389",853.2,7.69,2017-01-24 04:00:00
"390",1037.13,6.62,2017-01-24 05:00:00
"391",1098.4,8.42,2017-01-24 06:00:00
"392",962.74,7.28,2017-01-24 07:00:00
"393",946.62,7.36,2017-01-24 08:00:00
"394",938.98,4.15,2017-01-24 09:00:00
"395",814.85,6.52,2017-01-24 10:00:00
"396",869.59,4.64,2017-01-24 11:00:00
"397",828.89,7.94,2017-01-24 12:00:00
"398",1100.93,10.12,2017-01-24 13:00:00
"399",1183.99,6.61,2017-01-24 14:00:00
"400",798.27,9.98,2017-01-24 15:00:00
"401",1063.25,6.85,2017-01-24 16:00:00
"402",1171.69,9.41,2017-01-24 17:00:00
"403",1119.82,9.68,2017-01-24 18:00:00
"404",1035.38,7.72,2017-01-24 19:00:00
"405",952.57,12.1,2017-01-24 20:00:00
"406",1097.27,5.99,2017-01-24 21:00:00
"407",954.68,8.37,2017-01-24 22:00:00
"408",999.6,6.66,2017-01-24 23:00:00
"409",1033.34,6.85,2017-01-25 00:00:00
"410",995.36,11.04,2017-01-25 01:00:00
"411",810.17,10.94,2017-01-25 02:00:00
"412",998.04,8.24,2017-01-25 03:00:00
"413",1052.18,7.13,2017-01-25 04:00:00
"414",884.46,5.68,2017-01-25 05:00:00
"415",1038.14,7.63,2017-01-25 06:00:00
"416",1111.35,5.4,2017-01-25 07:00:00
"417",1040.05,9.38,2017-01-25 08:00:00
"418",921.6,5.36,2017-01-25 09:00:00
"419",1035.23,4.79,2017-01-25 10:00:00
"420",1164.04,5.82,2017-01-25 11:00:00
"421",874.9,11.47,2017-01-25 12:00:00
"422",1152.95,10.76,2017-01-25 13:00:00
"423",1146.3,12.64,2017-01-25 14:00:00
"424",923.63,13.21,2017-01-25 15:00:00
"425",924.63,7.98,2017-01-25 16:00:00
"426",1034.47,5.76,2017-01-25 17:00:00
"427",985.87,11.55,2017-01-25 18:00:00
"428",1030.13,7.82,2017-01-25 19:00:00
"429",797.34,13.86,2017-01-25 20:00:00
"430",1109.8,6.33,2017-01-25 21:00:00
"431",898.31,6.94,2017-01-25 22:00:00
"432",929.21,9.75,2017-01-25 23:00:00
"433",1040.1,5.53,2017-01-26 00:00:00
"434",916.13,5.88,2017-01-26 01:00:00
"435",1166.05,6.6,2017-01-26 02:00:00
"436",1038.79,5.66,2017-01-26 03:00:00
"437",1018.32,4.5,2017-01-26 04:00:00
"438",1133.16,6.67,2017-01-26 05:00:00
"439",1123.34,6.94,2017-01-26 06:00:00
"440",988.95,7.07,2017-01-26 07:00:00
"441",1017.7,5.72,2017-01-26 08:00:00
"442",910.56,4.57,2017-01-26 09:00:00
"443",805.2,5.58,2017-01-26 10:00:00
"444",826.79,6.63,2017-01-26 11:00:00
"445",1032.36,6.04,2017-01-26 12:00:00
"446",857.75,7.12,2017-01-26 13:00:00
"447",1051.96,6.08,2017-01-26 14:00:00
"448",997,12.31,2017-01-26 15:00:00
"449",960.15,9.62,2017-01-26 16:00:00
"450",1087.38,4.95,2017-01-26 17:00:00
"451",1057.48,9.21,2017-01-26 18:00:00
"452",1023.36,6.89,2017-01-26 19:00:00
"453",876.51,11.84,2017-01-26 20:00:00
"454",809.82,4.38,2017-01-26 21:00:00
"455",1002.41,9.41,2017-01-26 22:00:00
"456",1131.09,5.38,2017-01-26 23:00:00
"457",1040.39,8.38,2017-01-27 00:00:00
"458",820.75,7.39,2017-01-27 01:00:00
"459",836.75,7.08,2017-01-27 02:00:00
"460",983.85,5.3,2017-01-27 03:00:00
"461",811.33,7.11,2017-01-27 04:00:00
"462",1126.37,8.46,2017-01-27 05:00:00
"463",1031.1,8.72,2017-01-27 06:00:00
"464",904.49,7.17,2017-01-27 07:00:00
"465",825.09,4.72,2017-01-27 08:00:00
"466",1037.34,4.75,2017-01-27 09:00:00
"467",994.24,6.26,2017-01-27 10:00:00
"468",1085.84,6.43,2017-01-27 11:00:00
"469",884.83,9.94,2017-01-27 12:00:00
"470",1113.14,10.71,2017-01-27 13:00:00
"471",1063.6,6.44,2017-01-27 14:00:00
"472",802.96,9.67,2017-01-27 15:00:00
"473",1154.87,10.45,2017-01-27 16:00:00
"474",920.86,6.45,2017-01-27 17:00:00
"475",982.96,9.78,2017-01-27 18:00:00
"476",805.56,12.46,2017-01-27 19:00:00
"477",800.86,7.92,2017-01-27 20:00:00
"478",804.93,4.58,2017-01-27 21:00:00
"479",783.08,10.22,2017-01-27 22:00:00
"480",1122.43,9.97,2017-01-27 23:00:00
"481",820.9,9.45,2017-01-28 00:00:00
"482",996.25,9.18,2017-01-28 01:00:00
"483",1173.84,9.86,2017-01-28 02:00:00
"484",1065.93,6.99,2017-01-28 03:00:00
"485",843.13,8.45,2017-01-28 04:00:00
"486",1154.68,7.15,2017-01-28 05:00:00
"487",1066.28,7.82,2017-01-28 06:00:00
"488",953.74,4.63,2017-01-28 07:00:00
"489",885.27,4.87,2017-01-28 08:00:00
"490",796.03,5.97,2017-01-28 09:00:00
"491",1101.38,6.13,2017-01-28 10:00:00
"492",992.61,6.25,2017-01-28 11:00:00
"493",1113.36,6.88,2017-01-28 12:00:00
"494",1037.36,8.74,2017-01-28 13:00:00
"495",952.89,8.47,2017-01-28 14:00:00
"496",1126.5,8.11,2017-01-28 15:00:00
"497",895.56,12.94,2017-01-28 16:00:00
"498",826.06,9.41,2017-01-28 17:00:00
"499",890.81,9.07,2017-01-28 18:00:00
"500",939.09,11.32,2017-01-28 19:00:00
"501",862.35,13.45,2017-01-28 20:00:00
"502",788.55,7.44,2017-01-28 21:00:00
"503",1143.06,6.64,2017-01-28 22:00:00
"504",1104.36,8.05,2017-01-28 23:00:00
"505",1118.39,3.81,2017-01-29 00:00:00
"506",990.73,4.9,2017-01-29 01:00:00
"507",949.17,7.64,2017-01-29 02:00:00
"508",872.64,8.02,2017-01-29 03:00:00
"509",792.2,4.1,2017-01-29 04:00:00
"510",1049.95,6.86,2017-01-29 05:00:00
"511",859.1,5.73,2017-01-29 06:00:00
"512",1107.09,5.62,2017-01-29 07:00:00
"513",1042.9,6.89,2017-01-29 08:00:00
"514",1018.19,4.54,2017-01-29 09:00:00
"515",831.82,3.57,2017-01-29 10:00:00
"516",1171.32,7.58,2017-01-29 11:00:00
"517",1111.83,7.51,2017-01-29 12:00:00
"518",952.65,6.74,2017-01-29 13:00:00
"519",903.92,11.6,2017-01-29 14:00:00
"520",1075.85,12.09,2017-01-29 15:00:00
"521",928.9,5.99,2017-01-29 16:00:00
"522",1091.49,5.86,2017-01-29 17:00:00
"523",890.47,8.14,2017-01-29 18:00:00
"524",1014.1,9.61,2017-01-29 19:00:00
"525",1081.9,11.43,2017-01-29 20:00:00
"526",1058.13,8.66,2017-01-29 21:00:00
"527",1099.46,7.6,2017-01-29 22:00:00
"528",936.91,5.68,2017-01-29 23:00:00
"529",998.28,7.97,2017-01-30 00:00:00
"530",1155.29,6.61,2017-01-30 01:00:00
"531",1025.04,5.49,2017-01-30 02:00:00
"532",1096.12,5.47,2017-01-30 03:00:00
"533",907.81,6.34,2017-01-30 04:00:00
"534",1083.88,4.73,2017-01-30 05:00:00
"535",1048.56,4.89,2017-01-30 06:00:00
"536",1153.16,6.24,2017-01-30 07:00:00
"537",1072.13,6.29,2017-01-30 08:00:00
"538",1114.54,4.29,2017-01-30 09:00:00
"539",1074.4,5.87,2017-01-30 10:00:00
"540",959.13,7.87,2017-01-30 11:00:00
"541",1000.48,10.81,2017-01-30 12:00:00
"542",1095.89,13.29,2017-01-30 13:00:00
"543",839.14,12.62,2017-01-30 14:00:00
"544",933.69,8.21,2017-01-30 15:00:00
"545",883.96,9.77,2017-01-30 16:00:00
"546",979.94,5.1,2017-01-30 17:00:00
"547",970.06,9.99,2017-01-30 18:00:00
"548",800.15,6.77,2017-01-30 19:00:00
"549",871.68,10.59,2017-01-30 20:00:00
"550",1087.65,4.9,2017-01-30 21:00:00
"551",821.82,6.77,2017-01-30 22:00:00
"552",1022.2,6.39,2017-01-30 23:00:00
"553",959.63,8.24,2017-01-31 00:00:00
"554",1013.93,9.97,2017-01-31 01:00:00
"555",802.28,10.14,2017-01-31 02:00:00
"556",1052.43,8.26,2017-01-31 03:00:00
"557",875.06,6.35,2017-01-31 04:00:00
"558",813.49,8.09,2017-01-31 05:00:00
"559",871.7,8.83,2017-01-31 06:00:00
"560",918.11,6.51,2017-01-31 07:00:00
"561",883.45,8.94,2017-01-31 08:00:00
"562",1116.17,6.14,2017-01-31 09:00:00
"563",1183.48,6.84,2017-01-31 10:00:00
"564",857.25,6.74,2017-01-31 11:00:00
"565",966.95,8.48,2017-01-31 12:00:00
"566",979,7.57,2017-01-31 13:00:00
"567",1127.95,11.37,2017-01-31 14:00:00
"568",1143.38,11.95,2017-01-31 15:00:00
"569",1027.12,13.61,2017-01-31 16:00:00
"570",1155.06,8.37,2017-01-31 17:00:00
"571",1041.93,8.61,2017-01-31 18:00:00
"572",1008.13,7.74,2017-01-31 19:00:00
"573",809.28,10.63,2017-01-31 20:00:00
"574",830.87,7.68,2017-01-31 21:00:00
"575",824.32,6.76,2017-01-31 22:00:00
"576",996.63,7.29,2017-01-31 23:00:00
"577",1073.57,7.68,2017-02-01 00:00:00
"578",856.93,8.84,2017-02-01 01:00:00
"579",873.94,7.89,2017-02-01 02:00:00
"580",1172.81,5.86,2017-02-01 03:00:00
"581",861.89,4.64,2017-02-01 04:00:00
"582",1005.62,6.21,2017-02-01 05:00:00
"583",1085.62,4.23,2017-02-01 06:00:00
"584",1074.03,3.52,2017-02-01 07:00:00
"585",1045.03,4.05,2017-02-01 08:00:00
"586",1032.85,4.63,2017-02-01 09:00:00
"587",1166.75,4.26,2017-02-01 10:00:00
"588",805.18,3.29,2017-02-01 11:00:00
"589",973.24,8.29,2017-02-01 12:00:00
"590",841.37,9.3,2017-02-01 13:00:00
"591",866.14,7.38,2017-02-01 14:00:00
"592",1147.06,12.04,2017-02-01 15:00:00
"593",1122.69,9.16,2017-02-01 16:00:00
"594",1155.63,5.13,2017-02-01 17:00:00
"595",1152.76,7.12,2017-02-01 18:00:00
"596",910.06,10.94,2017-02-01 19:00:00
"597",803.73,6.3,2017-02-01 20:00:00
"598",896.57,7.69,2017-02-01 21:00:00
"599",918.47,6.17,2017-02-01 22:00:00
"600",1064.99,8.04,2017-02-01 23:00:00
"601",813.62,5.95,2017-02-02 00:00:00
"602",1131.93,7.93,2017-02-02 01:00:00
"603",1112.96,9.78,2017-02-02 02:00:00
"604",962.63,6.34,2017-02-02 03:00:00
"605",869.36,3.84,2017-02-02 04:00:00
"606",786.79,7.63,2017-02-02 05:00:00
"607",1040.9,5.35,2017-02-02 06:00:00
"608",1148.25,7.77,2017-02-02 07:00:00
"609",800.02,8.19,2017-02-02 08:00:00
"610",1138.82,5.82,2017-02-02 09:00:00
"611",840.77,4.9,2017-02-02 10:00:00
"612",1000.13,5.76,2017-02-02 11:00:00
"613",1049.27,8.52,2017-02-02 12:00:00
"614",1083.63,10.82,2017-02-02 13:00:00
"615",1061.91,6.75,2017-02-02 14:00:00
"616",1057.12,12.37,2017-02-02 15:00:00
"617",1159.66,12.13,2017-02-02 16:00:00
"618",1072.63,6.74,2017-02-02 17:00:00
"619",1082.07,6.53,2017-02-02 18:00:00
"620",869.59,12.12,2017-02-02 19:00:00
"621",860.12,7.48,2017-02-02 20:00:00
"622",1082.62,8.69,2017-02-02 21:00:00
"623",979.45,5.66,2017-02-02 22:00:00
"624",909.37,6.17,2017-02-02 23:00:00
"625",940.67,6.99,2017-02-03 00:00:00
"626",998.98,10.47,2017-02-03 01:00:00
"627",1090.35,7.18,2017-02-03 02:00:00
"628",1024.91,9.93,2017-02-03 03:00:00
"629",1079.18,7.38,2017-02-03 04:00:00
"630",1148.47,7.23,2017-02-03 05:00:00
"631",1025.75,10.27,2017-02-03 06:00:00
"632",1185.75,4.92,2017-02-03 07:00:00
"633",1149.93,6.04,2017-02-03 08:00:00
"634",1114.94,4.58,2017-02-03 09:00:00
"635",1122.7,7.62,2017-02-03 10:00:00
"636",1127.83,6.72,2017-02-03 11:00:00
"637",1170.8,7.43,2017-02-03 12:00:00
"638",788.06,11.97,2017-02-03 13:00:00
"639",810.66,6.69,2017-02-03 14:00:00
"640",952.07,9.95,2017-02-03 15:00:00
"641",859.21,7.67,2017-02-03 16:00:00
"642",1096.17,8.01,2017-02-03 17:00:00
"643",910.36,9.62,2017-02-03 18:00:00
"644",803.22,9.47,2017-02-03 19:00:00
"645",1084.55,9.18,2017-02-03 20:00:00
"646",1102.42,8.54,2017-02-03 21:00:00
"647",1105.89,11.4,2017-02-03 22:00:00
"648",985.48,5.92,2017-02-03 23:00:00
"649",1003.52,7.56,2017-02-04 00:00:00
"650",1154.38,6.16,2017-02-04 01:00:00
"651",890.63,9.26,2017-02-04 02:00:00
"652",917.59,7.07,2017-02-04 03:00:00
"653",803.08,5.09,2017-02-04 04:00:00
"654",960.49,7.01,2017-02-04 05:00:00
"655",1012.01,8.13,2017-02-04 06:00:00
"656",918.2,6.06,2017-02-04 07:00:00
"657",802.52,3.34,2017-02-04 08:00:00
"658",1176.06,3.55,2017-02-04 09:00:00
"659",1176.64,3.84,2017-02-04 10:00:00
"660",1147.51,5.15,2017-02-04 11:00:00
"661",1035.98,5.09,2017-02-04 12:00:00
"662",1113.62,11.81,2017-02-04 13:00:00
"663",1138.44,10.24,2017-02-04 14:00:00
"664",1006.56,13.02,2017-02-04 15:00:00
"665",854.42,6.61,2017-02-04 16:00:00
"666",1156.2,5.65,2017-02-04 17:00:00
"667",1086.45,6.38,2017-02-04 18:00:00
"668",819.46,12.05,2017-02-04 19:00:00
"669",1073.1,8.05,2017-02-04 20:00:00
"670",1113.35,6.7,2017-02-04 21:00:00
"671",993.87,8.68,2017-02-04 22:00:00
"672",950,5.28,2017-02-04 23:00:00
"673",1004.87,9.16,2017-02-05 00:00:00
"674",941.46,6.36,2017-02-05 01:00:00
"675",812.91,6.67,2017-02-05 02:00:00
"676",1067.83,4.79,2017-02-05 03:00:00
"677",1008.78,7.2,2017-02-05 04:00:00
"678",992.63,5.98,2017-02-05 05:00:00
"679",1124.45,4.9,2017-02-05 06:00:00
"680",921.12,5.46,2017-02-05 07:00:00
"681",1097.69,5.2,2017-02-05 08:00:00
"682",1059.83,6.17,2017-02-05 09:00:00
"683",1167.27,6.41,2017-02-05 10:00:00
"684",1086.29,7.91,2017-02-05 11:00:00
"685",874.08,11.14,2017-02-05 12:00:00
"686",852.38,13.44,2017-02-05 13:00:00
"687",901.51,11.44,2017-02-05 14:00:00
"688",1049.5,11.53,2017-02-05 15:00:00
"689",797.88,8.34,2017-02-05 16:00:00
"690",938.94,9.02,2017-02-05 17:00:00
"691",900.32,9.17,2017-02-05 18:00:00
"692",880.05,11.96,2017-02-05 19:00:00
"693",1138.56,13.15,2017-02-05 20:00:00
"694",1091.69,5.44,2017-02-05 21:00:00
"695",803.22,7.23,2017-02-05 22:00:00
"696",911.59,7.12,2017-02-05 23:00:00
"697",936.11,7.26,2017-02-06 00:00:00
"698",1088.82,10.23,2017-02-06 01:00:00
"699",819.58,7.63,2017-02-06 02:00:00
"700",1184.74,9.6,2017-02-06 03:00:00
"701",955.16,6.88,2017-02-06 04:00:00
"702",842.4,7.36,2017-02-06 05:00:00
"703",1071.51,6.15,2017-02-06 06:00:00
"704",1151.92,5.18,2017-02-06 07:00:00
"705",1139.94,7.81,2017-02-06 08:00:00
"706",1002.58,4.27,2017-02-06 09:00:00
"707",1022.43,6.54,2017-02-06 10:00:00
"708",1032.1,6.77,2017-02-06 11:00:00
"709",1121.75,13.16,2017-02-06 12:00:00
"710",877.03,10.33,2017-02-06 13:00:00
"711",819.61,9.23,2017-02-06 14:00:00
"712",1079.36,13.72,2017-02-06 15:00:00
"713",951.11,11.93,2017-02-06 16:00:00
"714",846.59,8.83,2017-02-06 17:00:00
"715",928.32,10.11,2017-02-06 18:00:00
"716",930.48,9.15,2017-02-06 19:00:00
"717",1077.63,9.04,2017-02-06 20:00:00
"718",1146.94,9.99,2017-02-06 21:00:00
"719",824.81,11.7,2017-02-06 22:00:00
"720",918.88,10.4,2017-02-06 23:00:00
"721",838.84,5.89,2017-02-07 00:00:00
"722",1099.14,7.85,2017-02-07 01:00:00
"723",1128.5,4.46,2017-02-07 02:00:00
"724",1191.99,7.64,2017-02-07 03:00:00
"725",907.59,3.71,2017-02-07 04:00:00
"726",851.14,5.42,2017-02-07 05:00:00
"727",796.97,7.11,2017-02-07 06:00:00
"728",885.83,4.73,2017-02-07 07:00:00
"729",1011.17,7.51,2017-02-07 08:00:00
"730",1013.72,4.7,2017-02-07 09:00:00
"731",1041.2,4.81,2017-02-07 10:00:00
"732",1091.4,6.6,2017-02-07 11:00:00
"733",783.7,8.73,2017-02-07 12:00:00
"734",1092.81,11.76,2017-02-07 13:00:00
"735",906.39,7.16,2017-02-07 14:00:00
"736",946.84,7.23,2017-02-07 15:00:00
"737",1134.77,6.29,2017-02-07 16:00:00
"738",970.68,4.97,2017-02-07 17:00:00
"739",809.29,6.52,2017-02-07 18:00:00
"740",947.43,7,2017-02-07 19:00:00
"741",921.09,8.59,2017-02-07 20:00:00
"742",881.8,3.91,2017-02-07 21:00:00
"743",828.62,9.31,2017-02-07 22:00:00
"744",982.63,4.78,2017-02-07 23:00:00
"745",843.78,9,2017-02-08 00:00:00
"746",973.13,10.07,2017-02-08 01:00:00
"747",1110.92,7.97,2017-02-08 02:00:00
"748",1059.33,7.1,2017-02-08 03:00:00
"749",1141.96,7.01,2017-02-08 04:00:00
"750",998.87,6.04,2017-02-08 05:00:00
"751",987.83,7.26,2017-02-08 06:00:00
"752",1181.25,4.45,2017-02-08 07:00:00
"753",806.55,7.76,2017-02-08 08:00:00
"754",810.98,5,2017-02-08 09:00:00
"755",1096.97,6.22,2017-02-08 10:00:00
"756",1195.68,6.27,2017-02-08 11:00:00
"757",1018.77,9.92,2017-02-08 12:00:00
"758",1087.07,9.26,2017-02-08 13:00:00
"759",792.7,11.59,2017-02-08 14:00:00
"760",942.95,13.13,2017-02-08 15:00:00
"761",1008.67,11.17,2017-02-08 16:00:00
"762",890.7,5.72,2017-02-08 17:00:00
"763",904.66,6.87,2017-02-08 18:00:00
"764",916.81,6.63,2017-02-08 19:00:00
"765",1141.41,12.47,2017-02-08 20:00:00
"766",1068.72,8.99,2017-02-08 21:00:00
"767",853.75,8.91,2017-02-08 22:00:00
"768",964.24,8.06,2017-02-08 23:00:00
"769",818.45,6.68,2017-02-09 00:00:00
"770",1116.2,10.76,2017-02-09 01:00:00
"771",898.65,6.77,2017-02-09 02:00:00
"772",961.41,7.6,2017-02-09 03:00:00
"773",868.61,8.11,2017-02-09 04:00:00
"774",861.2,7.89,2017-02-09 05:00:00
"775",1132.08,6.14,2017-02-09 06:00:00
"776",1158.21,8.41,2017-02-09 07:00:00
"777",1005.92,6.28,2017-02-09 08:00:00
"778",902.79,5.45,2017-02-09 09:00:00
"779",879.35,4.84,2017-02-09 10:00:00
"780",1090.28,8.05,2017-02-09 11:00:00
"781",870.52,6.97,2017-02-09 12:00:00
"782",1091.98,13.9,2017-02-09 13:00:00
"783",798.37,13.21,2017-02-09 14:00:00
"784",891.82,11.1,2017-02-09 15:00:00
"785",1097.01,8.27,2017-02-09 16:00:00
"786",887.92,6.98,2017-02-09 17:00:00
"787",1065.61,6.51,2017-02-09 18:00:00
"788",938.53,10.18,2017-02-09 19:00:00
"789",964.34,11.07,2017-02-09 20:00:00
"790",979.5,5.53,2017-02-09 21:00:00
"791",1113.29,8.96,2017-02-09 22:00:00
"792",1163.56,9.41,2017-02-09 23:00:00
"793",927.1,5.44,2017-02-10 00:00:00
"794",848.61,4.55,2017-02-10 01:00:00
"795",1051.02,4.46,2017-02-10 02:00:00
"796",950.73,6.13,2017-02-10 03:00:00
"797",868.24,5.97,2017-02-10 04:00:00
"798",1036.98,5.87,2017-02-10 05:00:00
"799",1102.15,6.87,2017-02-10 06:00:00
"800",940.06,3.67,2017-02-10 07:00:00
"801",1045.05,6.79,2017-02-10 08:00:00
"802",1113.26,2.8,2017-02-10 09:00:00
"803",883.62,3.31,2017-02-10 10:00:00
"804",1020.21,5.88,2017-02-10 11:00:00
"805",798.61,7.35,2017-02-10 12:00:00
"806",938.9,8.67,2017-02-10 13:00:00
"807",1154.73,5.6,2017-02-10 14:00:00
"808",867.77,7.04,2017-02-10 15:00:00
"809",1005.43,6.17,2017-02-10 16:00:00
"810",834.04,8.17,2017-02-10 17:00:00
"811",1044.36,4.94,2017-02-10 18:00:00
"812",806.11,10.89,2017-02-10 19:00:00
"813",804.92,10.16,2017-02-10 20:00:00
"814",1079.78,4.28,2017-02-10 21:00:00
"815",1011.83,7.78,2017-02-10 22:00:00
"816",976.85,4.16,2017-02-10 23:00:00
"817",924.28,9.38,2017-02-11 00:00:00
"818",904.98,5.62,2017-02-11 01:00:00
"819",1031.64,8.13,2017-02-11 02:00:00
"820",977.64,8.26,2017-02-11 03:00:00
"821",916.69,6.92,2017-02-11 04:00:00
"822",851.37,6.63,2017-02-11 05:00:00
"823",935.05,7.5,2017-02-11 06:00:00
"824",958.51,6.96,2017-02-11 07:00:00
"825",1134.21,6.14,2017-02-11 08:00:00
"826",1151.14,5.9,2017-02-11 09:00:00
"827",1100.76,6.56,2017-02-11 10:00:00
"828",1052.32,7.08,2017-02-11 11:00:00
"829",1043.87,8.43,2017-02-11 12:00:00
"830",820.95,8.54,2017-02-11 13:00:00
"831",858.16,7.96,2017-02-11 14:00:00
"832",842.83,11.1,2017-02-11 15:00:00
"833",1047.18,9.22,2017-02-11 16:00:00
"834",1090.54,5.83,2017-02-11 17:00:00
"835",877.17,10.03,2017-02-11 18:00:00
"836",811.71,8.71,2017-02-11 19:00:00
"837",1063.58,8.2,2017-02-11 20:00:00
"838",1060.62,9.21,2017-02-11 21:00:00
"839",950.32,6,2017-02-11 22:00:00
"840",1120.56,8.96,2017-02-11 23:00:00
"841",867.97,9.32,2017-02-12 00:00:00
"842",968.67,11.02,2017-02-12 01:00:00
"843",969.94,6.81,2017-02-12 02:00:00
"844",804.33,7.51,2017-02-12 03:00:00
"845",937.96,6.85,2017-02-12 04:00:00
"846",1010.84,4.92,2017-02-12 05:00:00
"847",922.95,6.59,2017-02-12 06:00:00
"848",880.42,7.56,2017-02-12 07:00:00
"849",916.29,6.68,2017-02-12 08:00:00
"850",827.09,5.89,2017-02-12 09:00:00
"851",1020.38,4.74,2017-02-12 10:00:00
"852",1162.71,8.53,2017-02-12 11:00:00
"853",875.6,9.48,2017-02-12 12:00:00
"854",841.62,13.64,2017-02-12 13:00:00
"855",1150.36,10.07,2017-02-12 14:00:00
"856",1189.87,14.93,2017-02-12 15:00:00
"857",1057.6,11.23,2017-02-12 16:00:00
"858",1156.23,9.84,2017-02-12 17:00:00
"859",920.7,12.37,2017-02-12 18:00:00
"860",1130.38,7.46,2017-02-12 19:00:00
"861",965.5,12.27,2017-02-12 20:00:00
"862",1114.16,5.12,2017-02-12 21:00:00
"863",799.17,8.95,2017-02-12 22:00:00
"864",939.32,10,2017-02-12 23:00:00
"865",1063.04,5.36,2017-02-13 00:00:00
"866",1075.32,4.3,2017-02-13 01:00:00
"867",1160.02,7.93,2017-02-13 02:00:00
"868",1060.71,5.64,2017-02-13 03:00:00
"869",822.36,3.26,2017-02-13 04:00:00
"870",1109.74,6.44,2017-02-13 05:00:00
"871",1017.86,5.64,2017-02-13 06:00:00
"872",833.39,7.18,2017-02-13 07:00:00
"873",1186.29,4.58,2017-02-13 08:00:00
"874",815.02,3.38,2017-02-13 09:00:00
"875",1068.35,4.61,2017-02-13 10:00:00
"876",1094.91,7.4,2017-02-13 11:00:00
"877",867.68,9.36,2017-02-13 12:00:00
"878",964.65,8.33,2017-02-13 13:00:00
"879",849.88,10.95,2017-02-13 14:00:00
"880",1188.07,6.52,2017-02-13 15:00:00
"881",1045.68,7.08,2017-02-13 16:00:00
"882",1165.87,7.16,2017-02-13 17:00:00
"883",818.47,8.38,2017-02-13 18:00:00
"884",1057.96,5.33,2017-02-13 19:00:00
"885",1036.98,9.32,2017-02-13 20:00:00
"886",878.21,5.18,2017-02-13 21:00:00
"887",785.04,5.36,2017-02-13 22:00:00
"888",1000.76,5.96,2017-02-13 23:00:00
"889",1022.11,7.15,2017-02-14 00:00:00
"890",958.31,8.47,2017-02-14 01:00:00
"891",1015.94,6.67,2017-02-14 02:00:00
"892",975.93,5.14,2017-02-14 03:00:00
"893",934.51,6.92,2017-02-14 04:00:00
"894",850.23,4.26,2017-02-14 05:00:00
"895",1103.24,5,2017-02-14 06:00:00
"896",802.4,6.5,2017-02-14 07:00:00
"897",1067.08,5.16,2017-02-14 08:00:00
"898",1040.15,5.28,2017-02-14 09:00:00
"899",954.83,6.8,2017-02-14 10:00:00
"900",1119,4.46,2017-02-14 11:00:00
"901",931.73,6.33,2017-02-14 12:00:00
"902",1073.26,12.97,2017-02-14 13:00:00
"903",915.26,9.74,2017-02-14 14:00:00
"904",822.78,12.34,2017-02-14 15:00:00
"905",866.32,8.59,2017-02-14 16:00:00
"906",1181.48,5.32,2017-02-14 17:00:00
"907",947.76,8.4,2017-02-14 18:00:00
"908",1058.39,10.5,2017-02-14 19:00:00
"909",1021.84,7.4,2017-02-14 20:00:00
"910",799.02,9.48,2017-02-14 21:00:00
"911",1065.46,6.54,2017-02-14 22:00:00
"912",884.95,5.76,2017-02-14 23:00:00
"913",1099.53,7.58,2017-02-15 00:00:00
"914",865.58,10.74,2017-02-15 01:00:00
"915",846.41,8.55,2017-02-15 02:00:00
"916",1099.42,5.61,2017-02-15 03:00:00
"917",968.4,6.44,2017-02-15 04:00:00
"918",869.17,6.55,2017-02-15 05:00:00
"919",784.35,5.31,2017-02-15 06:00:00
"920",932.06,8.36,2017-02-15 07:00:00
"921",1057.72,5.62,2017-02-15 08:00:00
"922",838.77,4.77,2017-02-15 09:00:00
"923",851.72,7.48,2017-02-15 10:00:00
"924",957.09,5.94,2017-02-15 11:00:00
"925",1046.39,10.76,2017-02-15 12:00:00
"926",940.91,7.09,2017-02-15 13:00:00
"927",850.4,9.6,2017-02-15 14:00:00
"928",819.31,8.68,2017-02-15 15:00:00
"929",999.22,10.78,2017-02-15 16:00:00
"930",1053.23,6.56,2017-02-15 17:00:00
"931",1105.31,9.16,2017-02-15 18:00:00
"932",1089.95,8.91,2017-02-15 19:00:00
"933",1010.68,8.91,2017-02-15 20:00:00
"934",914.85,7.99,2017-02-15 21:00:00
"935",1129.46,7.88,2017-02-15 22:00:00
"936",1120.06,10.05,2017-02-15 23:00:00
"937",1036.51,4.77,2017-02-16 00:00:00
"938",1147.65,8.45,2017-02-16 01:00:00
"939",1092.8,7.44,2017-02-16 02:00:00
"940",1178.52,6.24,2017-02-16 03:00:00
"941",889.56,3.47,2017-02-16 04:00:00
"942",945.89,4.49,2017-02-16 05:00:00
"943",1083.87,6.27,2017-02-16 06:00:00
"944",884.98,5.33,2017-02-16 07:00:00
"945",1159.59,6.03,2017-02-16 08:00:00
"946",852.46,6.28,2017-02-16 09:00:00
"947",977.16,5.2,2017-02-16 10:00:00
"948",1015.63,3.6,2017-02-16 11:00:00
"949",1110.85,11.26,2017-02-16 12:00:00
"950",844.78,11.6,2017-02-16 13:00:00
"951",1049.62,6.93,2017-02-16 14:00:00
"952",854.77,7.55,2017-02-16 15:00:00
"953",943.23,12.22,2017-02-16 16:00:00
"954",986.44,7.11,2017-02-16 17:00:00
"955",884.09,9.21,2017-02-16 18:00:00
"956",820.36,9.11,2017-02-16 19:00:00
"957",949.81,8.09,2017-02-16 20:00:00
"958",831.17,7.64,2017-02-16 21:00:00
"959",1086.55,5.61,2017-02-16 22:00:00
"960",1082.41,8,2017-02-16 23:00:00
"961",826.14,4.43,2017-02-17 00:00:00
"962",1117.79,10.1,2017-02-17 01:00:00
"963",857.09,7.57,2017-02-17 02:00:00
"964",954.94,6.26,2017-02-17 03:00:00
"965",1068.69,5.06,2017-02-17 04:00:00
"966",1069.72,7.41,2017-02-17 05:00:00
"967",1170.05,7.51,2017-02-17 06:00:00
"968",1107.83,6.08,2017-02-17 07:00:00
"969",1038.46,5.34,2017-02-17 08:00:00
"970",1080.1,4.7,2017-02-17 09:00:00
"971",1186.45,6.54,2017-02-17 10:00:00
"972",877.96,6.11,2017-02-17 11:00:00
"973",895.98,7.52,2017-02-17 12:00:00
"974",926.74,14.02,2017-02-17 13:00:00
"975",1030.17,7.27,2017-02-17 14:00:00
"976",933.5,9.59,2017-02-17 15:00:00
"977",1089.23,13.42,2017-02-17 16:00:00
"978",875.95,6.03,2017-02-17 17:00:00
"979",1138.29,8.82,2017-02-17 18:00:00
"980",782.36,7.11,2017-02-17 19:00:00
"981",906.37,13.09,2017-02-17 20:00:00
"982",1071.45,4.45,2017-02-17 21:00:00
"983",933.8,7.25,2017-02-17 22:00:00
"984",879.49,6.13,2017-02-17 23:00:00
"985",1164.48,9.82,2017-02-18 00:00:00
"986",953.01,9.56,2017-02-18 01:00:00
"987",1057.99,10.37,2017-02-18 02:00:00
"988",1195.03,8.67,2017-02-18 03:00:00
"989",1155.21,7.92,2017-02-18 04:00:00
"990",919.4,8.29,2017-02-18 05:00:00
"991",876.47,7,2017-02-18 06:00:00
"992",1048.11,8,2017-02-18 07:00:00
"993",929.34,8.62,2017-02-18 08:00:00
"994",870.64,5.51,2017-02-18 09:00:00
"995",899.91,7.46,2017-02-18 10:00:00
"996",1095.09,8.35,2017-02-18 11:00:00
"997",1065.58,9.25,2017-02-18 12:00:00
"998",840.65,9.73,2017-02-18 13:00:00
"999",1023.29,10.04,2017-02-18 14:00:00
"1000",838.65,11.29,2017-02-18 15:00:00
"1001",1154.35,9.19,2017-02-18 16:00:00
"1002",857.13,7.84,2017-02-18 17:00:00
"1003",1129.76,9.01,2017-02-18 18:00:00
"1004",859.75,10.01,2017-02-18 19:00:00
"1005",1033.85,8.78,2017-02-18 20:00:00
"1006",921.98,5.28,2017-02-18 21:00:00
"1007",1066.21,10.51,2017-02-18 22:00:00
"1008",959.09,8.43,2017-02-18 23:00:00
"1009",841.67,8.02,2017-02-19 00:00:00
"1010",1067.7,7.58,2017-02-19 01:00:00
"1011",906.1,6.87,2017-02-19 02:00:00
"1012",953.9,7.14,2017-02-19 03:00:00
"1013",806.74,6.18,2017-02-19 04:00:00
"1014",920.05,3.98,2017-02-19 05:00:00
"1015",876.14,5.03,2017-02-19 06:00:00
"1016",1148.95,3.94,2017-02-19 07:00:00
"1017",1095.71,7.01,2017-02-19 08:00:00
"1018",811.59,4.63,2017-02-19 09:00:00
"1019",865.98,2.68,2017-02-19 10:00:00
"1020",825.48,6.44,2017-02-19 11:00:00
"1021",1150.06,6.35,2017-02-19 12:00:00
"1022",945.48,12.16,2017-02-19 13:00:00
"1023",1046.06,7.61,2017-02-19 14:00:00
"1024",873.92,9.08,2017-02-19 15:00:00
"1025",853.47,7.5,2017-02-19 16:00:00
"1026",956.07,8.36,2017-02-19 17:00:00
"1027",997.01,10.32,2017-02-19 18:00:00
"1028",960.99,11.43,2017-02-19 19:00:00
"1029",810.02,11.79,2017-02-19 20:00:00
"1030",904.03,3.94,2017-02-19 21:00:00
"1031",954.18,8.51,2017-02-19 22:00:00
"1032",983.73,9.12,2017-02-19 23:00:00
"1033",863.85,6.31,2017-02-20 00:00:00
"1034",1021.43,8.22,2017-02-20 01:00:00
"1035",902.8,8.93,2017-02-20 02:00:00
"1036",1169.68,8.32,2017-02-20 03:00:00
"1037",1055.61,5.34,2017-02-20 04:00:00
"1038",1071.61,4.32,2017-02-20 05:00:00
"1039",912.79,6.43,2017-02-20 06:00:00
"1040",887.47,6.97,2017-02-20 07:00:00
"1041",861.98,5.69,2017-02-20 08:00:00
"1042",1146.37,4.2,2017-02-20 09:00:00
"1043",883.35,4.12,2017-02-20 10:00:00
"1044",982.6,6.76,2017-02-20 11:00:00
"1045",950.95,9.38,2017-02-20 12:00:00
"1046",1091.31,10.53,2017-02-20 13:00:00
"1047",1057.88,8.65,2017-02-20 14:00:00
"1048",994.45,10.85,2017-02-20 15:00:00
"1049",792.86,11.02,2017-02-20 16:00:00
"1050",889.43,6.87,2017-02-20 17:00:00
"1051",1045.8,7.61,2017-02-20 18:00:00
"1052",802.36,9.06,2017-02-20 19:00:00
"1053",1098.9,6.76,2017-02-20 20:00:00
"1054",847.4,7.03,2017-02-20 21:00:00
"1055",896.55,10.95,2017-02-20 22:00:00
"1056",842.94,5.45,2017-02-20 23:00:00
"1057",1070.57,6.06,2017-02-21 00:00:00
"1058",1008.49,6.75,2017-02-21 01:00:00
"1059",829.62,6.27,2017-02-21 02:00:00
"1060",803.14,5.33,2017-02-21 03:00:00
"1061",1147.45,6.02,2017-02-21 04:00:00
"1062",831.43,5.18,2017-02-21 05:00:00
"1063",1085.38,8.47,2017-02-21 06:00:00
"1064",1090.66,7.8,2017-02-21 07:00:00
"1065",1135.38,4.78,2017-02-21 08:00:00
"1066",854.63,5.9,2017-02-21 09:00:00
"1067",962.96,6.3,2017-02-21 10:00:00
"1068",1067,7.3,2017-02-21 11:00:00
"1069",1110.27,12.5,2017-02-21 12:00:00
"1070",1159.13,9.14,2017-02-21 13:00:00
"1071",836.36,8.89,2017-02-21 14:00:00
"1072",894.82,14.11,2017-02-21 15:00:00
"1073",888.61,13.9,2017-02-21 16:00:00
"1074",1180.09,7,2017-02-21 17:00:00
"1075",1147.12,7.88,2017-02-21 18:00:00
"1076",826.45,11.61,2017-02-21 19:00:00
"1077",1038.76,7.79,2017-02-21 20:00:00
"1078",1089.44,5.77,2017-02-21 21:00:00
"1079",1009.45,10.17,2017-02-21 22:00:00
"1080",961.21,10.46,2017-02-21 23:00:00
"1081",1119.02,6.34,2017-02-22 00:00:00
"1082",988.78,6.59,2017-02-22 01:00:00
"1083",936.53,8.86,2017-02-22 02:00:00
"1084",822.84,4.35,2017-02-22 03:00:00
"1085",837.15,4.87,2017-02-22 04:00:00
"1086",1155.19,7.14,2017-02-22 05:00:00
"1087",1161.89,5.1,2017-02-22 06:00:00
"1088",1070.07,5.39,2017-02-22 07:00:00
"1089",901.66,6.77,2017-02-22 08:00:00
"1090",908.25,5.91,2017-02-22 09:00:00
"1091",807.22,3.92,2017-02-22 10:00:00
"1092",1180.58,5.12,2017-02-22 11:00:00
"1093",1165.43,11.1,2017-02-22 12:00:00
"1094",1169.81,12.66,2017-02-22 13:00:00
"1095",1025.26,11,2017-02-22 14:00:00
"1096",924.27,10.57,2017-02-22 15:00:00
"1097",950.44,11.26,2017-02-22 16:00:00
"1098",929.3,8.18,2017-02-22 17:00:00
"1099",945.55,7.87,2017-02-22 18:00:00
"1100",1119.31,5.37,2017-02-22 19:00:00
"1101",1079.17,11.89,2017-02-22 20:00:00
"1102",878.91,6.61,2017-02-22 21:00:00
"1103",844.67,9.64,2017-02-22 22:00:00
"1104",1030.29,4.56,2017-02-22 23:00:00
"1105",1179.66,7.47,2017-02-23 00:00:00
"1106",1070.7,8.72,2017-02-23 01:00:00
"1107",1020.54,6.62,2017-02-23 02:00:00
"1108",1139.04,8.39,2017-02-23 03:00:00
"1109",869.71,4.19,2017-02-23 04:00:00
"1110",965.87,6.73,2017-02-23 05:00:00
"1111",880.09,6.15,2017-02-23 06:00:00
"1112",934.99,5.76,2017-02-23 07:00:00
"1113",1078.32,6.72,2017-02-23 08:00:00
"1114",832.71,6.66,2017-02-23 09:00:00
"1115",1153.07,3.86,2017-02-23 10:00:00
"1116",893.19,7.97,2017-02-23 11:00:00
"1117",1035.65,10.46,2017-02-23 12:00:00
"1118",889.4,9.44,2017-02-23 13:00:00
"1119",892.25,11.37,2017-02-23 14:00:00
"1120",867.07,13.13,2017-02-23 15:00:00
"1121",900.03,7.7,2017-02-23 16:00:00
"1122",938.58,7,2017-02-23 17:00:00
"1123",1124.11,11.73,2017-02-23 18:00:00
"1124",1029.72,7.78,2017-02-23 19:00:00
"1125",812.39,10.55,2017-02-23 20:00:00
"1126",783.85,5.57,2017-02-23 21:00:00
"1127",1076.47,9.46,2017-02-23 22:00:00
"1128",1082.87,5.37,2017-02-23 23:00:00
"1129",1166.92,7.35,2017-02-24 00:00:00
"1130",875.15,8.16,2017-02-24 01:00:00
"1131",976.66,8.62,2017-02-24 02:00:00
"1132",1033.22,9.09,2017-02-24 03:00:00
"1133",815.49,8.75,2017-02-24 04:00:00
"1134",961.53,6.85,2017-02-24 05:00:00
"1135",1092.51,6.3,2017-02-24 06:00:00
"1136",859.43,7.64,2017-02-24 07:00:00
"1137",799.4,8.05,2017-02-24 08:00:00
"1138",942.67,5.71,2017-02-24 09:00:00
"1139",871.19,5.91,2017-02-24 10:00:00
"1140",902.99,5.77,2017-02-24 11:00:00
"1141",817.42,7.9,2017-02-24 12:00:00
"1142",1081.13,9.69,2017-02-24 13:00:00
"1143",860.82,11.54,2017-02-24 14:00:00
"1144",1007.1,14.13,2017-02-24 15:00:00
"1145",965.46,11.56,2017-02-24 16:00:00
"1146",1150.36,10.21,2017-02-24 17:00:00
"1147",1108.28,9.93,2017-02-24 18:00:00
"1148",1004.48,11.37,2017-02-24 19:00:00
"1149",911.18,11.23,2017-02-24 20:00:00
"1150",815.95,6.2,2017-02-24 21:00:00
"1151",968.46,10.57,2017-02-24 22:00:00
"1152",1078.74,9.31,2017-02-24 23:00:00
"1153",911.82,3.84,2017-02-25 00:00:00
"1154",855.4,6.94,2017-02-25 01:00:00
"1155",1077.47,7.77,2017-02-25 02:00:00
"1156",1140.87,5.13,2017-02-25 03:00:00
"1157",915.26,5.26,2017-02-25 04:00:00
"1158",1003.12,4.54,2017-02-25 05:00:00
"1159",859.65,8.14,2017-02-25 06:00:00
"1160",1154.03,5.39,2017-02-25 07:00:00
"1161",1042.82,7.62,2017-02-25 08:00:00
"1162",939.04,5.8,2017-02-25 09:00:00
"1163",1127.5,4,2017-02-25 10:00:00
"1164",938.35,5.94,2017-02-25 11:00:00
"1165",1140.1,8.74,2017-02-25 12:00:00
"1166",1134.34,12.79,2017-02-25 13:00:00
"1167",1069.64,6.13,2017-02-25 14:00:00
"1168",829.21,11.41,2017-02-25 15:00:00
"1169",893.55,8.63,2017-02-25 16:00:00
"1170",1178.11,4.12,2017-02-25 17:00:00
"1171",1041.29,5.72,2017-02-25 18:00:00
"1172",861.99,10.16,2017-02-25 19:00:00
"1173",907.42,9.44,2017-02-25 20:00:00
"1174",834.59,8.19,2017-02-25 21:00:00
"1175",795.15,8.74,2017-02-25 22:00:00
"1176",786.51,9.1,2017-02-25 23:00:00
"1177",962.71,7.85,2017-02-26 00:00:00
"1178",1120.52,9.76,2017-02-26 01:00:00
"1179",964.23,9.85,2017-02-26 02:00:00
"1180",1061.01,8.56,2017-02-26 03:00:00
"1181",973.87,6.4,2017-02-26 04:00:00
"1182",988.11,7.16,2017-02-26 05:00:00
"1183",786.16,6.71,2017-02-26 06:00:00
"1184",873.25,4.89,2017-02-26 07:00:00
"1185",1180.77,7.37,2017-02-26 08:00:00
"1186",860.76,5.68,2017-02-26 09:00:00
"1187",813.58,3.64,2017-02-26 10:00:00
"1188",1144.84,8.24,2017-02-26 11:00:00
"1189",898.65,7.97,2017-02-26 12:00:00
"1190",1010.41,10.63,2017-02-26 13:00:00
"1191",927.32,11.6,2017-02-26 14:00:00
"1192",971.28,8.01,2017-02-26 15:00:00
"1193",1179.67,10.15,2017-02-26 16:00:00
"1194",1069.84,8.27,2017-02-26 17:00:00
"1195",960.38,6.65,2017-02-26 18:00:00
"1196",807.63,6.09,2017-02-26 19:00:00
"1197",838.82,10.47,2017-02-26 20:00:00
"1198",982.32,7.22,2017-02-26 21:00:00
"1199",832.95,8.51,2017-02-26 22:00:00
"1200",894.29,8.17,2017-02-26 23:00:00
"1201",987.54,5.38,2017-02-27 00:00:00
"1202",1139.75,8.65,2017-02-27 01:00:00
"1203",904.12,9.72,2017-02-27 02:00:00
"1204",900.9,7.03,2017-02-27 03:00:00
"1205",1131.7,8.02,2017-02-27 04:00:00
"1206",962.68,5.36,2017-02-27 05:00:00
"1207",860.47,9,2017-02-27 06:00:00
"1208",1187.77,6.19,2017-02-27 07:00:00
"1209",891.14,7.22,2017-02-27 08:00:00
"1210",964.14,7.35,2017-02-27 09:00:00
"1211",988.63,6.93,2017-02-27 10:00:00
"1212",1085.05,8.22,2017-02-27 11:00:00
"1213",1091.4,12.37,2017-02-27 12:00:00
"1214",1156.24,11.87,2017-02-27 13:00:00
"1215",931.14,9.99,2017-02-27 14:00:00
"1216",926.52,10.58,2017-02-27 15:00:00
"1217",1136.3,11.07,2017-02-27 16:00:00
"1218",1094.29,7.55,2017-02-27 17:00:00
"1219",923.33,6.11,2017-02-27 18:00:00
"1220",981.6,11.91,2017-02-27 19:00:00
"1221",959.82,12.25,2017-02-27 20:00:00
"1222",805.56,7.99,2017-02-27 21:00:00
"1223",861.97,8.92,2017-02-27 22:00:00
"1224",1039.93,7.46,2017-02-27 23:00:00
"1225",1094.26,5.14,2017-02-28 00:00:00
"1226",961.76,6.31,2017-02-28 01:00:00
"1227",1052.16,8.79,2017-02-28 02:00:00
"1228",993.96,4.93,2017-02-28 03:00:00
"1229",1035.09,3.25,2017-02-28 04:00:00
"1230",1014.35,6.27,2017-02-28 05:00:00
"1231",952.04,7.14,2017-02-28 06:00:00
"1232",940.72,4.48,2017-02-28 07:00:00
"1233",1014.86,6.34,2017-02-28 08:00:00
"1234",1154.54,5.62,2017-02-28 09:00:00
"1235",952.29,2.68,2017-02-28 10:00:00
"1236",946.18,4.68,2017-02-28 11:00:00
"1237",1120.33,8.34,2017-02-28 12:00:00
"1238",1120.43,11.46,2017-02-28 13:00:00
"1239",857.01,9.82,2017-02-28 14:00:00
"1240",895.16,12.56,2017-02-28 15:00:00
"1241",821.96,10.23,2017-02-28 16:00:00
"1242",860.74,5.18,2017-02-28 17:00:00
"1243",1109.53,10.16,2017-02-28 18:00:00
"1244",780.22,9.79,2017-02-28 19:00:00
"1245",1147.81,5.79,2017-02-28 20:00:00
"1246",1040.29,6.23,2017-02-28 21:00:00
"1247",954.86,4.92,2017-02-28 22:00:00
"1248",822.84,7.74,2017-02-28 23:00:00
"1249",881.56,6.93,2017-03-01 00:00:00
"1250",1159.68,8.4,2017-03-01 01:00:00
"1251",887.69,6.34,2017-03-01 02:00:00
"1252",1108.01,6.39,2017-03-01 03:00:00
"1253",811.44,5.44,2017-03-01 04:00:00
"1254",967.26,6.88,2017-03-01 05:00:00
"1255",891.28,5.28,2017-03-01 06:00:00
"1256",975.12,5.48,2017-03-01 07:00:00
"1257",831.07,7.97,2017-03-01 08:00:00
"1258",1034.26,4.82,2017-03-01 09:00:00
"1259",891.87,6.38,2017-03-01 10:00:00
"1260",844.77,6.97,2017-03-01 11:00:00
"1261",1023.33,9.36,2017-03-01 12:00:00
"1262",1058.08,9.37,2017-03-01 13:00:00
"1263",1050.36,11.08,2017-03-01 14:00:00
"1264",1028.57,8.55,2017-03-01 15:00:00
"1265",842.54,12.65,2017-03-01 16:00:00
"1266",1139.8,8,2017-03-01 17:00:00
"1267",834.6,11.65,2017-03-01 18:00:00
"1268",950.63,7,2017-03-01 19:00:00
"1269",900.81,6.96,2017-03-01 20:00:00
"1270",819.15,8.27,2017-03-01 21:00:00
"1271",1147.52,9,2017-03-01 22:00:00
"1272",1009.23,5.6,2017-03-01 23:00:00
"1273",926.7,9.59,2017-03-02 00:00:00
"1274",818.65,8.03,2017-03-02 01:00:00
"1275",1154.87,8,2017-03-02 02:00:00
"1276",1173.3,7.48,2017-03-02 03:00:00
"1277",1099,5.97,2017-03-02 04:00:00
"1278",817.93,6.58,2017-03-02 05:00:00
"1279",1085.15,8.34,2017-03-02 06:00:00
"1280",1033.02,7.95,2017-03-02 07:00:00
"1281",1014.55,8.42,2017-03-02 08:00:00
"1282",1138.58,7.89,2017-03-02 09:00:00
"1283",1044.43,5.97,2017-03-02 10:00:00
"1284",1071.59,7.24,2017-03-02 11:00:00
"1285",830.02,9.61,2017-03-02 12:00:00
"1286",827.1,10.36,2017-03-02 13:00:00
"1287",1156.94,12.07,2017-03-02 14:00:00
"1288",807.7,9.29,2017-03-02 15:00:00
"1289",991.81,7.24,2017-03-02 16:00:00
"1290",1156.41,6.31,2017-03-02 17:00:00
"1291",837.22,7.36,2017-03-02 18:00:00
"1292",928.26,7.87,2017-03-02 19:00:00
"1293",1017.99,14.64,2017-03-02 20:00:00
"1294",1088.48,9.76,2017-03-02 21:00:00
"1295",1138.05,11.96,2017-03-02 22:00:00
"1296",1147.4,10.36,2017-03-02 23:00:00
"1297",1055.28,5.72,2017-03-03 00:00:00
"1298",1035.43,5.89,2017-03-03 01:00:00
"1299",989.63,7.59,2017-03-03 02:00:00
"1300",1132.85,5.16,2017-03-03 03:00:00
"1301",860.05,6.89,2017-03-03 04:00:00
"1302",1010.95,4.87,2017-03-03 05:00:00
"1303",900.01,5.46,2017-03-03 06:00:00
"1304",1080.07,6.4,2017-03-03 07:00:00
"1305",1102.78,7.49,2017-03-03 08:00:00
"1306",1067.16,2.92,2017-03-03 09:00:00
"1307",1022.6,5.12,2017-03-03 10:00:00
"1308",1093.49,5.31,2017-03-03 11:00:00
"1309",1167.13,7.56,2017-03-03 12:00:00
"1310",997.53,7.78,2017-03-03 13:00:00
"1311",1067.97,7.41,2017-03-03 14:00:00
"1312",1131.75,10.5,2017-03-03 15:00:00
"1313",1174.38,11.21,2017-03-03 16:00:00
"1314",1170.99,6.8,2017-03-03 17:00:00
"1315",1022.56,7.6,2017-03-03 18:00:00
"1316",934.01,7.93,2017-03-03 19:00:00
"1317",941.56,9.63,2017-03-03 20:00:00
"1318",836.02,7.81,2017-03-03 21:00:00
"1319",1125.02,4.71,2017-03-03 22:00:00
"1320",786.99,4.87,2017-03-03 23:00:00
"1321",974.35,7.79,2017-03-04 00:00:00
"1322",1044.52,5.34,2017-03-04 01:00:00
"1323",924.19,5.37,2017-03-04 02:00:00
"1324",1011.28,9.38,2017-03-04 03:00:00
"1325",846.51,6.5,2017-03-04 04:00:00
"1326",987.48,6.51,2017-03-04 05:00:00
"1327",1163.71,8.45,2017-03-04 06:00:00
"1328",1127.16,8.28,2017-03-04 07:00:00
"1329",1181.6,7.33,2017-03-04 08:00:00
"1330",864.74,4.21,2017-03-04 09:00:00
"1331",1149.12,5.41,2017-03-04 10:00:00
"1332",1117.75,7.64,2017-03-04 11:00:00
"1333",1151.15,8.42,2017-03-04 12:00:00
"1334",1112.76,7.62,2017-03-04 13:00:00
"1335",1095.29,8.3,2017-03-04 14:00:00
"1336",926.81,14.27,2017-03-04 15:00:00
"1337",813.43,7.72,2017-03-04 16:00:00
"1338",960.9,7.89,2017-03-04 17:00:00
"1339",1094.63,8.88,2017-03-04 18:00:00
"1340",781.58,8.8,2017-03-04 19:00:00
"1341",1003.85,7.66,2017-03-04 20:00:00
"1342",1040.94,6.7,2017-03-04 21:00:00
"1343",844.3,7.34,2017-03-04 22:00:00
"1344",951.95,9.62,2017-03-04 23:00:00
"1345",997.53,5.31,2017-03-05 00:00:00
"1346",921.38,9.81,2017-03-05 01:00:00
"1347",906.32,7.95,2017-03-05 02:00:00
"1348",1090.01,5.05,2017-03-05 03:00:00
"1349",944.47,8.41,2017-03-05 04:00:00
"1350",814.45,5.31,2017-03-05 05:00:00
"1351",1146.13,5.99,2017-03-05 06:00:00
"1352",837.2,4.96,2017-03-05 07:00:00
"1353",1190.4,5.6,2017-03-05 08:00:00
"1354",1155.6,6.73,2017-03-05 09:00:00
"1355",876.4,7.83,2017-03-05 10:00:00
"1356",1118.85,8.62,2017-03-05 11:00:00
"1357",968.1,9.6,2017-03-05 12:00:00
"1358",975.21,10.06,2017-03-05 13:00:00
"1359",997.67,7.83,2017-03-05 14:00:00
"1360",1133.15,8.8,2017-03-05 15:00:00
"1361",934.99,11.16,2017-03-05 16:00:00
"1362",1063.6,6.88,2017-03-05 17:00:00
"1363",997.72,6.53,2017-03-05 18:00:00
"1364",1003.44,11.59,2017-03-05 19:00:00
"1365",1101.4,14.17,2017-03-05 20:00:00
"1366",955.33,8.35,2017-03-05 21:00:00
"1367",804.74,10.81,2017-03-05 22:00:00
"1368",852.37,10.06,2017-03-05 23:00:00
"1369",1004.33,7.7,2017-03-06 00:00:00
"1370",837.96,4.78,2017-03-06 01:00:00
"1371",859.74,8.44,2017-03-06 02:00:00
"1372",925.53,4.95,2017-03-06 03:00:00
"1373",1121.01,5.18,2017-03-06 04:00:00
"1374",944.58,6.33,2017-03-06 05:00:00
"1375",877.72,6.54,2017-03-06 06:00:00
"1376",1000.76,6.37,2017-03-06 07:00:00
"1377",1042.36,6.47,2017-03-06 08:00:00
"1378",865.3,4.86,2017-03-06 09:00:00
"1379",1125.29,3.61,2017-03-06 10:00:00
"1380",967.74,4.9,2017-03-06 11:00:00
"1381",976.17,7.51,2017-03-06 12:00:00
"1382",960.66,8.93,2017-03-06 13:00:00
"1383",810.69,6.74,2017-03-06 14:00:00
"1384",1054.67,12.61,2017-03-06 15:00:00
"1385",993.46,9.66,2017-03-06 16:00:00
"1386",967.03,8.68,2017-03-06 17:00:00
"1387",797.31,8.87,2017-03-06 18:00:00
"1388",1080.17,9.31,2017-03-06 19:00:00
"1389",1079.9,12.1,2017-03-06 20:00:00
"1390",1073.16,7.77,2017-03-06 21:00:00
"1391",1111.99,5.04,2017-03-06 22:00:00
"1392",1111.82,8.01,2017-03-06 23:00:00
"1393",952.73,6.23,2017-03-07 00:00:00
"1394",974.9,6.85,2017-03-07 01:00:00
"1395",844.57,7.98,2017-03-07 02:00:00
"1396",1067.04,5.19,2017-03-07 03:00:00
"1397",856.74,5.07,2017-03-07 04:00:00
"1398",1021.42,4.56,2017-03-07 05:00:00
"1399",992.5,8.21,2017-03-07 06:00:00
"1400",1008.05,4.08,2017-03-07 07:00:00
"1401",1149.48,4.64,2017-03-07 08:00:00
"1402",987.31,7.04,2017-03-07 09:00:00
"1403",1033.69,6.12,2017-03-07 10:00:00
"1404",1166.88,5.01,2017-03-07 11:00:00
"1405",841.13,6.57,2017-03-07 12:00:00
"1406",848.93,10.59,2017-03-07 13:00:00
"1407",925.68,7.59,2017-03-07 14:00:00
"1408",1026.05,9.13,2017-03-07 15:00:00
"1409",802.52,11.85,2017-03-07 16:00:00
"1410",937.63,6.76,2017-03-07 17:00:00
"1411",777.56,9,2017-03-07 18:00:00
"1412",899.19,9.36,2017-03-07 19:00:00
"1413",1128.33,13.04,2017-03-07 20:00:00
"1414",1157.72,7.38,2017-03-07 21:00:00
"1415",1063.78,7.87,2017-03-07 22:00:00
"1416",931.66,5.59,2017-03-07 23:00:00
"1417",936.91,9.08,2017-03-08 00:00:00
"1418",1102.94,6.53,2017-03-08 01:00:00
"1419",1128.42,10.87,2017-03-08 02:00:00
"1420",1054.7,5.85,2017-03-08 03:00:00
"1421",954.84,4.83,2017-03-08 04:00:00
"1422",913.2,6.96,2017-03-08 05:00:00
"1423",1009.92,5.83,2017-03-08 06:00:00
"1424",1040.94,8.9,2017-03-08 07:00:00
"1425",929.74,7.71,2017-03-08 08:00:00
"1426",812.18,6,2017-03-08 09:00:00
"1427",804.35,6.73,2017-03-08 10:00:00
"1428",875.29,5.94,2017-03-08 11:00:00
"1429",905.93,7.47,2017-03-08 12:00:00
"1430",854.08,14.26,2017-03-08 13:00:00
"1431",1155.55,7.51,2017-03-08 14:00:00
"1432",1050.94,11.76,2017-03-08 15:00:00
"1433",1022.07,7.48,2017-03-08 16:00:00
"1434",1024.78,9.78,2017-03-08 17:00:00
"1435",1138.19,8.67,2017-03-08 18:00:00
"1436",866.12,12.63,2017-03-08 19:00:00
"1437",890.69,8.14,2017-03-08 20:00:00
"1438",853.58,7.66,2017-03-08 21:00:00
"1439",910.43,12.33,2017-03-08 22:00:00
"1440",821.14,6.72,2017-03-08 23:00:00
"1441",1056.66,4.41,2017-03-09 00:00:00
"1442",839.99,7.57,2017-03-09 01:00:00
"1443",1117.63,6.34,2017-03-09 02:00:00
"1444",1114.26,4.13,2017-03-09 03:00:00
"1445",1121.23,6.81,2017-03-09 04:00:00
"1446",935.51,5.66,2017-03-09 05:00:00
"1447",1040.86,4.47,2017-03-09 06:00:00
"1448",1025.46,7.26,2017-03-09 07:00:00
"1449",1027.41,3.55,2017-03-09 08:00:00
"1450",1152.27,5.72,2017-03-09 09:00:00
"1451",954.06,3.18,2017-03-09 10:00:00
"1452",1004.62,3.74,2017-03-09 11:00:00
"1453",1106.38,7.68,2017-03-09 12:00:00
"1454",1013.44,13.09,2017-03-09 13:00:00
"1455",1089.58,5.33,2017-03-09 14:00:00
"1456",1192.67,8.89,2017-03-09 15:00:00
"1457",1114.91,9.74,2017-03-09 16:00:00
"1458",836.19,8.74,2017-03-09 17:00:00
"1459",819,7.53,2017-03-09 18:00:00
"1460",917.15,9.43,2017-03-09 19:00:00
"1461",1040.55,7.55,2017-03-09 20:00:00
"1462",796.63,7.76,2017-03-09 21:00:00
"1463",953.77,8.36,2017-03-09 22:00:00
"1464",1007.3,6.61,2017-03-09 23:00:00
"1465",856.05,8.17,2017-03-10 00:00:00
"1466",942.54,9.64,2017-03-10 01:00:00
"1467",970.45,9.46,2017-03-10 02:00:00
"1468",1178.08,6.22,2017-03-10 03:00:00
"1469",1013.59,7.29,2017-03-10 04:00:00
"1470",1113.04,8.12,2017-03-10 05:00:00
"1471",1102.46,8.84,2017-03-10 06:00:00
"1472",1103.45,6.99,2017-03-10 07:00:00
"1473",935.79,7.54,2017-03-10 08:00:00
"1474",941.95,4.93,2017-03-10 09:00:00
"1475",1000.31,4.36,2017-03-10 10:00:00
"1476",1089.32,7.34,2017-03-10 11:00:00
"1477",900.77,6.7,2017-03-10 12:00:00
"1478",944.3,10.57,2017-03-10 13:00:00
"1479",1001.76,6.6,2017-03-10 14:00:00
"1480",933.2,10.94,2017-03-10 15:00:00
"1481",842.82,6.59,2017-03-10 16:00:00
"1482",1054.37,4.41,2017-03-10 17:00:00
"1483",812.31,6.65,2017-03-10 18:00:00
"1484",950.67,7.28,2017-03-10 19:00:00
"1485",945.82,9.07,2017-03-10 20:00:00
"1486",866.28,4.66,2017-03-10 21:00:00
"1487",823.54,7.75,2017-03-10 22:00:00
"1488",946.77,7.05,2017-03-10 23:00:00
"1489",997.2,7.51,2017-03-11 00:00:00
"1490",1094.85,9.35,2017-03-11 01:00:00
"1491",904.72,10.17,2017-03-11 02:00:00
"1492",1008.07,9.62,2017-03-11 03:00:00
"1493",939.97,5.63,2017-03-11 04:00:00
"1494",1032.81,5.48,2017-03-11 05:00:00
"1495",1076.33,7.14,2017-03-11 06:00:00
"1496",928.1,5.24,2017-03-11 07:00:00
"1497",1062.34,6.5,2017-03-11 08:00:00
"1498",966.31,4.48,2017-03-11 09:00:00
"1499",1147.26,4.52,2017-03-11 10:00:00
"1500",1141.5,8.18,2017-03-11 11:00:00
"1501",887.3,10.18,2017-03-11 12:00:00
"1502",1091.87,14.88,2017-03-11 13:00:00
"1503",937.42,8.12,2017-03-11 14:00:00
"1504",1061.12,7.6,2017-03-11 15:00:00
"1505",1135.79,7.26,2017-03-11 16:00:00
"1506",1032.01,9.58,2017-03-11 17:00:00
"1507",896.37,6.44,2017-03-11 18:00:00
"1508",816.73,7.4,2017-03-11 19:00:00
"1509",893.02,8.54,2017-03-11 20:00:00
"1510",932.16,5.89,2017-03-11 21:00:00
"1511",839.3,8.61,2017-03-11 22:00:00
"1512",929.2,6.7,2017-03-11 23:00:00
"1513",1156.49,5.75,2017-03-12 00:00:00
"1514",1009.57,9.31,2017-03-12 01:00:00
"1515",962.54,4.6,NA
"1516",1127.65,4.31,2017-03-12 03:00:00
"1517",943.43,5.37,2017-03-12 04:00:00
"1518",994.08,4.74,2017-03-12 05:00:00
"1519",1156.5,7.33,2017-03-12 06:00:00
"1520",896.88,3.75,2017-03-12 07:00:00
"1521",940.21,6.37,2017-03-12 08:00:00
"1522",826.38,5.5,2017-03-12 09:00:00
"1523",1109.35,4.6,2017-03-12 10:00:00
"1524",825.28,4.82,2017-03-12 11:00:00
"1525",939.84,10.61,2017-03-12 12:00:00
"1526",929.93,8.66,2017-03-12 13:00:00
"1527",1004.83,11.17,2017-03-12 14:00:00
"1528",1031.71,10.45,2017-03-12 15:00:00
"1529",809.69,6.45,2017-03-12 16:00:00
"1530",808.31,5.02,2017-03-12 17:00:00
"1531",935.98,4.81,2017-03-12 18:00:00
"1532",921.17,5.34,2017-03-12 19:00:00
"1533",1033.7,8.42,2017-03-12 20:00:00
"1534",1161.07,7.15,2017-03-12 21:00:00
"1535",862.24,4.78,2017-03-12 22:00:00
"1536",791.09,6.24,2017-03-12 23:00:00
"1537",870.75,6.8,2017-03-13 00:00:00
"1538",1006.22,10.65,2017-03-13 01:00:00
"1539",1133.93,9.06,2017-03-13 02:00:00
"1540",1196.76,4.63,2017-03-13 03:00:00
"1541",1181.47,6.09,2017-03-13 04:00:00
"1542",1093.71,7.17,2017-03-13 05:00:00
"1543",1132.71,6.96,2017-03-13 06:00:00
"1544",1153.23,5.01,2017-03-13 07:00:00
"1545",824.74,4.63,2017-03-13 08:00:00
"1546",966.72,6.32,2017-03-13 09:00:00
"1547",1184.06,4.81,2017-03-13 10:00:00
"1548",861.31,5.6,2017-03-13 11:00:00
"1549",1099.31,10.33,2017-03-13 12:00:00
"1550",829.7,10.1,2017-03-13 13:00:00
"1551",939.93,6.56,2017-03-13 14:00:00
"1552",875.18,10.7,2017-03-13 15:00:00
"1553",1026.01,6.84,2017-03-13 16:00:00
"1554",819.04,5.93,2017-03-13 17:00:00
"1555",1139,11.81,2017-03-13 18:00:00
"1556",1026.57,12.8,2017-03-13 19:00:00
"1557",1077.48,9.7,2017-03-13 20:00:00
"1558",967.73,7.06,2017-03-13 21:00:00
"1559",787.11,11.47,2017-03-13 22:00:00
"1560",859.25,9.38,2017-03-13 23:00:00
"1561",874.29,9.42,2017-03-14 00:00:00
"1562",1146.25,8.12,2017-03-14 01:00:00
"1563",1006.28,9.44,2017-03-14 02:00:00
"1564",1182.28,8.87,2017-03-14 03:00:00
"1565",1166.82,4.92,2017-03-14 04:00:00
"1566",857.85,9.53,2017-03-14 05:00:00
"1567",992.45,8.82,2017-03-14 06:00:00
"1568",808,5.86,2017-03-14 07:00:00
"1569",795.69,7.89,2017-03-14 08:00:00
"1570",1108.55,4.37,2017-03-14 09:00:00
"1571",803.82,4.57,2017-03-14 10:00:00
"1572",994.16,7.11,2017-03-14 11:00:00
"1573",782.91,8.89,2017-03-14 12:00:00
"1574",866.46,13.18,2017-03-14 13:00:00
"1575",1114.23,8.46,2017-03-14 14:00:00
"1576",903.3,12.37,2017-03-14 15:00:00
"1577",877.03,8.32,2017-03-14 16:00:00
"1578",915.09,8.14,2017-03-14 17:00:00
"1579",879.94,10.72,2017-03-14 18:00:00
"1580",809.13,11.08,2017-03-14 19:00:00
"1581",836.75,7.51,2017-03-14 20:00:00
"1582",872.02,5.2,2017-03-14 21:00:00
"1583",1075.97,9.11,2017-03-14 22:00:00
"1584",1012.11,9.41,2017-03-14 23:00:00
"1585",822.64,6.09,2017-03-15 00:00:00
"1586",960.84,9.06,2017-03-15 01:00:00
"1587",1117.06,7.29,2017-03-15 02:00:00
"1588",1132.3,4.13,2017-03-15 03:00:00
"1589",1088.66,3.41,2017-03-15 04:00:00
"1590",1005.97,5.76,2017-03-15 05:00:00
"1591",1128.26,4.13,2017-03-15 06:00:00
"1592",1108.54,6.85,2017-03-15 07:00:00
"1593",1059.74,4.21,2017-03-15 08:00:00
"1594",1151.68,3.87,2017-03-15 09:00:00
"1595",942.39,4.18,2017-03-15 10:00:00
"1596",954.27,5.19,2017-03-15 11:00:00
"1597",930.1,7.14,2017-03-15 12:00:00
"1598",980.61,7.83,2017-03-15 13:00:00
"1599",1088.35,11,2017-03-15 14:00:00
"1600",1026.87,6.8,2017-03-15 15:00:00
"1601",1130.65,8.51,2017-03-15 16:00:00
"1602",925.25,7.93,2017-03-15 17:00:00
"1603",1129.41,6.09,2017-03-15 18:00:00
"1604",787.5,11.84,2017-03-15 19:00:00
"1605",870.52,12.43,2017-03-15 20:00:00
"1606",1074.94,5.6,2017-03-15 21:00:00
"1607",1003.49,4.89,2017-03-15 22:00:00
"1608",1104.34,4.54,2017-03-15 23:00:00
"1609",870.81,4.68,2017-03-16 00:00:00
"1610",980.47,9.39,2017-03-16 01:00:00
"1611",1073.98,7.69,2017-03-16 02:00:00
"1612",1114.04,6.79,2017-03-16 03:00:00
"1613",1066.12,4.6,2017-03-16 04:00:00
"1614",1023.84,4.59,2017-03-16 05:00:00
"1615",831.15,5.63,2017-03-16 06:00:00
"1616",799.73,6.68,2017-03-16 07:00:00
"1617",817.28,4.51,2017-03-16 08:00:00
"1618",803.63,4.69,2017-03-16 09:00:00
"1619",862.22,6.95,2017-03-16 10:00:00
"1620",1143.15,6.99,2017-03-16 11:00:00
"1621",825.5,10.8,2017-03-16 12:00:00
"1622",1040.77,6.96,2017-03-16 13:00:00
"1623",1097.96,10.67,2017-03-16 14:00:00
"1624",886.24,8.37,2017-03-16 15:00:00
"1625",1049.4,9.41,2017-03-16 16:00:00
"1626",1065.4,8.89,2017-03-16 17:00:00
"1627",918.39,5.52,2017-03-16 18:00:00
"1628",793.07,12.42,2017-03-16 19:00:00
"1629",841.19,13.11,2017-03-16 20:00:00
"1630",1140.12,6.1,2017-03-16 21:00:00
"1631",973.03,6.38,2017-03-16 22:00:00
"1632",954.3,6.49,2017-03-16 23:00:00
"1633",911.79,9.97,2017-03-17 00:00:00
"1634",1176.65,8.68,2017-03-17 01:00:00
"1635",1114.13,8.52,2017-03-17 02:00:00
"1636",1069.65,6.49,2017-03-17 03:00:00
"1637",876.82,6.91,2017-03-17 04:00:00
"1638",961.84,8.69,2017-03-17 05:00:00
"1639",885.57,9.51,2017-03-17 06:00:00
"1640",1140.04,7.23,2017-03-17 07:00:00
"1641",1075.97,8.85,2017-03-17 08:00:00
"1642",1024.41,5.69,2017-03-17 09:00:00
"1643",831.6,4.78,2017-03-17 10:00:00
"1644",911.86,8.04,2017-03-17 11:00:00
"1645",945.81,8.96,2017-03-17 12:00:00
"1646",977,12.52,2017-03-17 13:00:00
"1647",1019.22,7.82,2017-03-17 14:00:00
"1648",874.05,7.99,2017-03-17 15:00:00
"1649",1094.16,9.88,2017-03-17 16:00:00
"1650",1035.24,9.11,2017-03-17 17:00:00
"1651",849.48,10.49,2017-03-17 18:00:00
"1652",1058.04,8.48,2017-03-17 19:00:00
"1653",1100.52,8.4,2017-03-17 20:00:00
"1654",933.05,8.59,2017-03-17 21:00:00
"1655",1148.81,11.58,2017-03-17 22:00:00
"1656",862.3,7.94,2017-03-17 23:00:00
"1657",982.32,4.9,2017-03-18 00:00:00
"1658",1070.12,5.56,2017-03-18 01:00:00
"1659",1135.17,6.99,2017-03-18 02:00:00
"1660",860.05,4.07,2017-03-18 03:00:00
"1661",1068.95,6.5,2017-03-18 04:00:00
"1662",1046.21,6.65,2017-03-18 05:00:00
"1663",890.76,7.06,2017-03-18 06:00:00
"1664",1005.76,3.9,2017-03-18 07:00:00
"1665",871.21,4.93,2017-03-18 08:00:00
"1666",838.88,4.65,2017-03-18 09:00:00
"1667",938.22,4.32,2017-03-18 10:00:00
"1668",889.72,4.08,2017-03-18 11:00:00
"1669",1153.01,6.84,2017-03-18 12:00:00
"1670",846.06,13.11,2017-03-18 13:00:00
"1671",1082.82,8.04,2017-03-18 14:00:00
"1672",799.94,12.81,2017-03-18 15:00:00
"1673",818.48,6.21,2017-03-18 16:00:00
"1674",957.88,5.31,2017-03-18 17:00:00
"1675",1048.26,9.77,2017-03-18 18:00:00
"1676",1067.45,8.82,2017-03-18 19:00:00
"1677",935.24,13.07,2017-03-18 20:00:00
"1678",933.02,5.46,2017-03-18 21:00:00
"1679",1078.69,8.04,2017-03-18 22:00:00
"1680",1023.19,5.14,2017-03-18 23:00:00
"1681",1068.85,6.02,2017-03-19 00:00:00
"1682",1136.14,9.55,2017-03-19 01:00:00
"1683",918.12,7.62,2017-03-19 02:00:00
"1684",813.01,5,2017-03-19 03:00:00
"1685",887.18,4.68,2017-03-19 04:00:00
"1686",1069.4,8.01,2017-03-19 05:00:00
"1687",992.39,5.59,2017-03-19 06:00:00
"1688",1188.9,7.08,2017-03-19 07:00:00
"1689",1078.99,4.93,2017-03-19 08:00:00
"1690",1157.61,3.72,2017-03-19 09:00:00
"1691",1144.55,4.38,2017-03-19 10:00:00
"1692",962.54,6.39,2017-03-19 11:00:00
"1693",847.71,10.94,2017-03-19 12:00:00
"1694",958.77,12.21,2017-03-19 13:00:00
"1695",879.41,8.33,2017-03-19 14:00:00
"1696",1067.96,10.96,2017-03-19 15:00:00
"1697",1001.17,13.11,2017-03-19 16:00:00
"1698",1095.06,7.72,2017-03-19 17:00:00
"1699",976.92,7.29,2017-03-19 18:00:00
"1700",953.15,6.13,2017-03-19 19:00:00
"1701",1150.88,7.14,2017-03-19 20:00:00
"1702",973.67,8.24,2017-03-19 21:00:00
"1703",1045.48,11.06,2017-03-19 22:00:00
"1704",1083.74,8.95,2017-03-19 23:00:00
"1705",1157.3,8.88,2017-03-20 00:00:00
"1706",832.19,5.55,2017-03-20 01:00:00
"1707",1171.82,9.82,2017-03-20 02:00:00
"1708",1092.42,6.5,2017-03-20 03:00:00
"1709",956.75,7.52,2017-03-20 04:00:00
"1710",1171.59,7.44,2017-03-20 05:00:00
"1711",854.59,10.06,2017-03-20 06:00:00
"1712",1032.28,7.58,2017-03-20 07:00:00
"1713",991.73,6.43,2017-03-20 08:00:00
"1714",1143.77,6.63,2017-03-20 09:00:00
"1715",944.62,7.25,2017-03-20 10:00:00
"1716",799.85,4.63,2017-03-20 11:00:00
"1717",993.02,9.26,2017-03-20 12:00:00
"1718",1045.08,13.12,2017-03-20 13:00:00
"1719",971.16,10.32,2017-03-20 14:00:00
"1720",967.88,12.99,2017-03-20 15:00:00
"1721",1110.47,10.41,2017-03-20 16:00:00
"1722",975.54,9.59,2017-03-20 17:00:00
"1723",1017.49,12.02,2017-03-20 18:00:00
"1724",899.23,6.93,2017-03-20 19:00:00
"1725",899.8,10.38,2017-03-20 20:00:00
"1726",855.77,7.11,2017-03-20 21:00:00
"1727",821.97,8.03,2017-03-20 22:00:00
"1728",806.2,5.62,2017-03-20 23:00:00
"1729",890.43,3.9,2017-03-21 00:00:00
"1730",860.6,8.42,2017-03-21 01:00:00
"1731",1093.78,7.74,2017-03-21 02:00:00
"1732",840.82,7.99,2017-03-21 03:00:00
"1733",822.14,6.58,2017-03-21 04:00:00
"1734",974.45,3.67,2017-03-21 05:00:00
"1735",846.01,6.47,2017-03-21 06:00:00
"1736",922.19,6.71,2017-03-21 07:00:00
"1737",914.4,6.33,2017-03-21 08:00:00
"1738",1147.71,6.22,2017-03-21 09:00:00
"1739",875.18,5.87,2017-03-21 10:00:00
"1740",973.37,4.36,2017-03-21 11:00:00
"1741",1085.05,7.97,2017-03-21 12:00:00
"1742",858.23,6.34,2017-03-21 13:00:00
"1743",873.96,6.27,2017-03-21 14:00:00
"1744",1111.46,13.79,2017-03-21 15:00:00
"1745",1080.44,6.65,2017-03-21 16:00:00
"1746",1107.66,3.89,2017-03-21 17:00:00
"1747",919.48,9.15,2017-03-21 18:00:00
"1748",984.15,5.54,2017-03-21 19:00:00
"1749",1096.23,9.63,2017-03-21 20:00:00
"1750",1110.1,5.58,2017-03-21 21:00:00
"1751",1055.09,9.92,2017-03-21 22:00:00
"1752",936.5,8.22,2017-03-21 23:00:00
"1753",1160.78,4.81,2017-03-22 00:00:00
"1754",956.36,8.56,2017-03-22 01:00:00
"1755",1064.36,8.34,2017-03-22 02:00:00
"1756",944.32,6.51,2017-03-22 03:00:00
"1757",1147.34,5.9,2017-03-22 04:00:00
"1758",1021.69,8.23,2017-03-22 05:00:00
"1759",1091.53,5.7,2017-03-22 06:00:00
"1760",1152.02,6.03,2017-03-22 07:00:00
"1761",861.75,5.87,2017-03-22 08:00:00
"1762",897.03,4.08,2017-03-22 09:00:00
"1763",1135.29,3.18,2017-03-22 10:00:00
"1764",943.02,4.72,2017-03-22 11:00:00
"1765",815.4,8.57,2017-03-22 12:00:00
"1766",1170.44,7.89,2017-03-22 13:00:00
"1767",1099.77,11.02,2017-03-22 14:00:00
"1768",846.44,11.96,2017-03-22 15:00:00
"1769",794.83,9.66,2017-03-22 16:00:00
"1770",908.46,9.42,2017-03-22 17:00:00
"1771",1014.55,7.29,2017-03-22 18:00:00
"1772",934.74,9.61,2017-03-22 19:00:00
"1773",884.9,10.82,2017-03-22 20:00:00
"1774",884.16,7.27,2017-03-22 21:00:00
"1775",982.95,6.91,2017-03-22 22:00:00
"1776",942.69,7.65,2017-03-22 23:00:00
"1777",1027.06,10.43,2017-03-23 00:00:00
"1778",951.56,9.12,2017-03-23 01:00:00
"1779",1137.57,6.73,2017-03-23 02:00:00
"1780",837.58,9.93,2017-03-23 03:00:00
"1781",936.49,5.91,2017-03-23 04:00:00
"1782",906.76,8.01,2017-03-23 05:00:00
"1783",1138.11,6.14,2017-03-23 06:00:00
"1784",1056.89,8.39,2017-03-23 07:00:00
"1785",1052.25,6.74,2017-03-23 08:00:00
"1786",915.05,4.34,2017-03-23 09:00:00
"1787",914.36,6.74,2017-03-23 10:00:00
"1788",1134.6,8.6,2017-03-23 11:00:00
"1789",998.51,8.37,2017-03-23 12:00:00
"1790",974.99,12.24,2017-03-23 13:00:00
"1791",886.5,12.17,2017-03-23 14:00:00
"1792",991.93,14.45,2017-03-23 15:00:00
"1793",1067.52,13.95,2017-03-23 16:00:00
"1794",820.53,8.48,2017-03-23 17:00:00
"1795",1064.56,7.26,2017-03-23 18:00:00
"1796",959.79,7.21,2017-03-23 19:00:00
"1797",891.7,11.12,2017-03-23 20:00:00
"1798",842.77,9.54,2017-03-23 21:00:00
"1799",815.28,11.85,2017-03-23 22:00:00
"1800",1111.3,7.01,2017-03-23 23:00:00
"1801",921.14,8,2017-03-24 00:00:00
"1802",1147.27,5.58,2017-03-24 01:00:00
"1803",1153.02,5.95,2017-03-24 02:00:00
"1804",947.55,3.72,2017-03-24 03:00:00
"1805",1145.28,7.44,2017-03-24 04:00:00
"1806",864.47,4.56,2017-03-24 05:00:00
"1807",830.73,8.06,2017-03-24 06:00:00
"1808",1112.14,4.11,2017-03-24 07:00:00
"1809",983.55,7.62,2017-03-24 08:00:00
"1810",921.92,5.1,2017-03-24 09:00:00
"1811",803.37,4.26,2017-03-24 10:00:00
"1812",1067.28,3.68,2017-03-24 11:00:00
"1813",958.35,6.13,2017-03-24 12:00:00
"1814",897.86,11.99,2017-03-24 13:00:00
"1815",989.9,11.3,2017-03-24 14:00:00
"1816",952.65,13.11,2017-03-24 15:00:00
"1817",1144.41,6.71,2017-03-24 16:00:00
"1818",880.95,6.05,2017-03-24 17:00:00
"1819",1017.21,7.31,2017-03-24 18:00:00
"1820",1045.15,6.81,2017-03-24 19:00:00
"1821",994.86,6.49,2017-03-24 20:00:00
"1822",783.59,4.4,2017-03-24 21:00:00
"1823",916.86,8.83,2017-03-24 22:00:00
"1824",1037.59,5.82,2017-03-24 23:00:00
"1825",1141.16,6.01,2017-03-25 00:00:00
"1826",1104.36,9.23,2017-03-25 01:00:00
"1827",915.37,5.76,2017-03-25 02:00:00
"1828",1093.19,5.75,2017-03-25 03:00:00
"1829",805.19,6.36,2017-03-25 04:00:00
"1830",1002.07,4.79,2017-03-25 05:00:00
"1831",1131.2,6.88,2017-03-25 06:00:00
"1832",1149.57,6.07,2017-03-25 07:00:00
"1833",1084.03,6.27,2017-03-25 08:00:00
"1834",1042.1,5.59,2017-03-25 09:00:00
"1835",944.23,5.4,2017-03-25 10:00:00
"1836",1040.86,4.9,2017-03-25 11:00:00
"1837",790.4,8.62,2017-03-25 12:00:00
"1838",869.64,11.54,2017-03-25 13:00:00
"1839",921.71,6.97,2017-03-25 14:00:00
"1840",883.94,10.76,2017-03-25 15:00:00
"1841",1166.96,10.3,2017-03-25 16:00:00
"1842",912.87,8.85,2017-03-25 17:00:00
"1843",935.58,6.42,2017-03-25 18:00:00
"1844",1102.33,10.01,2017-03-25 19:00:00
"1845",846.77,7.98,2017-03-25 20:00:00
"1846",1008.18,5.59,2017-03-25 21:00:00
"1847",968.68,9.91,2017-03-25 22:00:00
"1848",857.17,9.17,2017-03-25 23:00:00
"1849",871.52,8.16,2017-03-26 00:00:00
"1850",937.42,10.37,2017-03-26 01:00:00
"1851",1065.82,6.21,2017-03-26 02:00:00
"1852",888.67,6.82,2017-03-26 03:00:00
"1853",796.7,8.57,2017-03-26 04:00:00
"1854",870.13,6.88,2017-03-26 05:00:00
"1855",1078.37,9.69,2017-03-26 06:00:00
"1856",1156,7.46,2017-03-26 07:00:00
"1857",1182.18,6.51,2017-03-26 08:00:00
"1858",1160.11,4.98,2017-03-26 09:00:00
"1859",1130.89,6.43,2017-03-26 10:00:00
"1860",914.78,8.91,2017-03-26 11:00:00
"1861",844.43,11.86,2017-03-26 12:00:00
"1862",1100.78,11.41,2017-03-26 13:00:00
"1863",1119.57,8.65,2017-03-26 14:00:00
"1864",806.37,11.8,2017-03-26 15:00:00
"1865",974.64,13.83,2017-03-26 16:00:00
"1866",967.46,10.03,2017-03-26 17:00:00
"1867",861.98,11.06,2017-03-26 18:00:00
"1868",1081.62,6.46,2017-03-26 19:00:00
"1869",1003.89,7.07,2017-03-26 20:00:00
"1870",945.15,9.18,2017-03-26 21:00:00
"1871",1045.81,7.09,2017-03-26 22:00:00
"1872",790.61,5.61,2017-03-26 23:00:00
"1873",803.05,6.7,2017-03-27 00:00:00
"1874",998.92,5.55,2017-03-27 01:00:00
"1875",999.37,4.98,2017-03-27 02:00:00
"1876",1047.21,6.96,2017-03-27 03:00:00
"1877",1145.33,3.49,2017-03-27 04:00:00
"1878",1165.8,7.3,2017-03-27 05:00:00
"1879",1116.6,4.37,2017-03-27 06:00:00
"1880",989.02,5.57,2017-03-27 07:00:00
"1881",912.31,5.87,2017-03-27 08:00:00
"1882",799.55,6.01,2017-03-27 09:00:00
"1883",864.37,6.03,2017-03-27 10:00:00
"1884",1103.35,6.91,2017-03-27 11:00:00
"1885",912.16,10.34,2017-03-27 12:00:00
"1886",1101.47,8.81,2017-03-27 13:00:00
"1887",938.37,10.21,2017-03-27 14:00:00
"1888",861.15,6.84,2017-03-27 15:00:00
"1889",850.94,9.59,2017-03-27 16:00:00
"1890",1098.58,4.76,2017-03-27 17:00:00
"1891",961.47,10.62,2017-03-27 18:00:00
"1892",780.61,6.99,2017-03-27 19:00:00
"1893",938.24,11.96,2017-03-27 20:00:00
"1894",930.92,5.68,2017-03-27 21:00:00
"1895",1142.64,8.37,2017-03-27 22:00:00
"1896",971.23,5.57,2017-03-27 23:00:00
"1897",1130.29,5.07,2017-03-28 00:00:00
"1898",1071.49,9.01,2017-03-28 01:00:00
"1899",1126.85,5.84,2017-03-28 02:00:00
"1900",1007.13,6.03,2017-03-28 03:00:00
"1901",1020.04,6.89,2017-03-28 04:00:00
"1902",1166.42,4.67,2017-03-28 05:00:00
"1903",845.77,7.04,2017-03-28 06:00:00
"1904",813.14,6.98,2017-03-28 07:00:00
"1905",894.3,5.63,2017-03-28 08:00:00
"1906",853.46,4.84,2017-03-28 09:00:00
"1907",1188.27,4.38,2017-03-28 10:00:00
"1908",926.04,5.76,2017-03-28 11:00:00
"1909",931.8,11.06,2017-03-28 12:00:00
"1910",1112.05,7.01,2017-03-28 13:00:00
"1911",1134.96,6.49,2017-03-28 14:00:00
"1912",985.33,9.56,2017-03-28 15:00:00
"1913",1109.27,8.33,2017-03-28 16:00:00
"1914",817.53,6.63,2017-03-28 17:00:00
"1915",838.89,7.66,2017-03-28 18:00:00
"1916",1152.99,9.23,2017-03-28 19:00:00
"1917",998.7,6.84,2017-03-28 20:00:00
"1918",910.75,6.69,2017-03-28 21:00:00
"1919",1029.79,8.5,2017-03-28 22:00:00
"1920",825.48,9.97,2017-03-28 23:00:00
"1921",821.61,5.3,2017-03-29 00:00:00
"1922",1080.19,8.74,2017-03-29 01:00:00
"1923",857.25,10.29,2017-03-29 02:00:00
"1924",992.45,5.91,2017-03-29 03:00:00
"1925",1027.88,6.32,2017-03-29 04:00:00
"1926",862.4,5.81,2017-03-29 05:00:00
"1927",902.23,5.91,2017-03-29 06:00:00
"1928",1064.78,4.83,2017-03-29 07:00:00
"1929",907.16,8.71,2017-03-29 08:00:00
"1930",963.14,5.33,2017-03-29 09:00:00
"1931",1179.05,6.91,2017-03-29 10:00:00
"1932",1164.96,6.5,2017-03-29 11:00:00
"1933",985.95,10.11,2017-03-29 12:00:00
"1934",1012.77,11.1,2017-03-29 13:00:00
"1935",1101.1,12.14,2017-03-29 14:00:00
"1936",889.4,14.45,2017-03-29 15:00:00
"1937",933.67,12.39,2017-03-29 16:00:00
"1938",986.26,6.16,2017-03-29 17:00:00
"1939",948.64,10.95,2017-03-29 18:00:00
"1940",956.13,9.41,2017-03-29 19:00:00
"1941",827.83,7.66,2017-03-29 20:00:00
"1942",1004.1,6.47,2017-03-29 21:00:00
"1943",833.61,11.7,2017-03-29 22:00:00
"1944",1091.23,6.58,2017-03-29 23:00:00
"1945",1145.85,3.93,2017-03-30 00:00:00
"1946",1066.94,9.56,2017-03-30 01:00:00
"1947",840.34,7.3,2017-03-30 02:00:00
"1948",985.06,7.99,2017-03-30 03:00:00
"1949",902.64,6.06,2017-03-30 04:00:00
"1950",1056.76,6.34,2017-03-30 05:00:00
"1951",1087.71,4.51,2017-03-30 06:00:00
"1952",962.01,5.57,2017-03-30 07:00:00
"1953",821.31,7.04,2017-03-30 08:00:00
"1954",825.04,4.32,2017-03-30 09:00:00
"1955",816.73,3.41,2017-03-30 10:00:00
"1956",903.73,7.44,2017-03-30 11:00:00
"1957",890.19,8.25,2017-03-30 12:00:00
"1958",884.93,7.48,2017-03-30 13:00:00
"1959",898.87,6.1,2017-03-30 14:00:00
"1960",1078.65,8.92,2017-03-30 15:00:00
"1961",960.55,10.32,2017-03-30 16:00:00
"1962",1142.65,5.1,2017-03-30 17:00:00
"1963",864.07,10.5,2017-03-30 18:00:00
"1964",1018.09,5.8,2017-03-30 19:00:00
"1965",1065.88,10.4,2017-03-30 20:00:00
"1966",1160.68,8.78,2017-03-30 21:00:00
"1967",821.63,6.16,2017-03-30 22:00:00
"1968",820.59,6.97,2017-03-30 23:00:00
"1969",1056.86,6.79,2017-03-31 00:00:00
"1970",1091.98,6.63,2017-03-31 01:00:00
"1971",836.09,7.87,2017-03-31 02:00:00
"1972",1158.58,8.47,2017-03-31 03:00:00
"1973",933.35,4.73,2017-03-31 04:00:00
"1974",1105.83,6.95,2017-03-31 05:00:00
"1975",843.88,5.29,2017-03-31 06:00:00
"1976",845.49,5.61,2017-03-31 07:00:00
"1977",879.86,6.53,2017-03-31 08:00:00
"1978",913,4.35,2017-03-31 09:00:00
"1979",1176.33,5.82,2017-03-31 10:00:00
"1980",1020.04,4.74,2017-03-31 11:00:00
"1981",1011.58,8.02,2017-03-31 12:00:00
"1982",1055.54,8.13,2017-03-31 13:00:00
"1983",873.84,8.03,2017-03-31 14:00:00
"1984",1131.33,9.25,2017-03-31 15:00:00
"1985",1182.49,12.41,2017-03-31 16:00:00
"1986",860.04,8.88,2017-03-31 17:00:00
"1987",1036,9.29,2017-03-31 18:00:00
"1988",900.99,9.93,2017-03-31 19:00:00
"1989",908.86,8.89,2017-03-31 20:00:00
"1990",1049.06,6.36,2017-03-31 21:00:00
"1991",1120.41,8.76,2017-03-31 22:00:00
"1992",955.33,9.99,2017-03-31 23:00:00
"1993",794.79,8.03,2017-04-01 00:00:00
"1994",1092.14,7.85,2017-04-01 01:00:00
"1995",907.48,6.55,2017-04-01 02:00:00
"1996",973.13,10.1,2017-04-01 03:00:00
"1997",983.09,6.56,2017-04-01 04:00:00
"1998",944.76,6.3,2017-04-01 05:00:00
"1999",1135.41,7.28,2017-04-01 06:00:00
"2000",924.49,8.72,2017-04-01 07:00:00
"2001",1104.9,9.22,2017-04-01 08:00:00
"2002",1075.55,6.09,2017-04-01 09:00:00
"2003",1010.17,6.41,2017-04-01 10:00:00
"2004",827.34,8.91,2017-04-01 11:00:00
"2005",1050.95,11.89,2017-04-01 12:00:00
"2006",1090.5,12.95,2017-04-01 13:00:00
"2007",923.02,13.11,2017-04-01 14:00:00
"2008",815.76,9.57,2017-04-01 15:00:00
"2009",989.57,13.5,2017-04-01 16:00:00
"2010",1103.7,7.55,2017-04-01 17:00:00
"2011",1101.93,8.97,2017-04-01 18:00:00
"2012",788.46,7.55,2017-04-01 19:00:00
"2013",1165.13,7.83,2017-04-01 20:00:00
"2014",1105.68,6.76,2017-04-01 21:00:00
"2015",1094.23,11.16,2017-04-01 22:00:00
"2016",994.55,7.78,2017-04-01 23:00:00
"2017",885.35,4.46,2017-04-02 00:00:00
"2018",829.34,5.7,2017-04-02 01:00:00
"2019",994.16,5.23,2017-04-02 02:00:00
"2020",1050.01,4.88,2017-04-02 03:00:00
"2021",909.01,6.47,2017-04-02 04:00:00
"2022",1090.72,5.12,2017-04-02 05:00:00
"2023",1083.89,4.2,2017-04-02 06:00:00
"2024",911.83,4.04,2017-04-02 07:00:00
"2025",1013.88,4.24,2017-04-02 08:00:00
"2026",1120.76,4.74,2017-04-02 09:00:00
"2027",843,2.92,2017-04-02 10:00:00
"2028",1142.28,7.42,2017-04-02 11:00:00
"2029",1113.38,11.14,2017-04-02 12:00:00
"2030",1155.95,5.77,2017-04-02 13:00:00
"2031",1149.04,11.03,2017-04-02 14:00:00
"2032",1151.14,12.01,2017-04-02 15:00:00
"2033",939.69,10.3,2017-04-02 16:00:00
"2034",1041.71,5.92,2017-04-02 17:00:00
"2035",872.8,10.05,2017-04-02 18:00:00
"2036",927.83,7.39,2017-04-02 19:00:00
"2037",879.85,11.33,2017-04-02 20:00:00
"2038",818.59,7.76,2017-04-02 21:00:00
"2039",875.46,5.21,2017-04-02 22:00:00
"2040",786.09,8.17,2017-04-02 23:00:00
"2041",941.07,4.54,2017-04-03 00:00:00
"2042",1137.23,7.96,2017-04-03 01:00:00
"2043",959.71,7.16,2017-04-03 02:00:00
"2044",961.08,6.18,2017-04-03 03:00:00
"2045",1140.85,5.73,2017-04-03 04:00:00
"2046",997.01,5.24,2017-04-03 05:00:00
"2047",1023.85,5.41,2017-04-03 06:00:00
"2048",808.93,7.81,2017-04-03 07:00:00
"2049",1172.84,6.63,2017-04-03 08:00:00
"2050",1037.12,3.74,2017-04-03 09:00:00
"2051",840.62,6.35,2017-04-03 10:00:00
"2052",956.62,7.66,2017-04-03 11:00:00
"2053",827.53,10.21,2017-04-03 12:00:00
"2054",882.61,10.16,2017-04-03 13:00:00
"2055",889.85,10.16,2017-04-03 14:00:00
"2056",916.77,14,2017-04-03 15:00:00
"2057",1023.53,10.97,2017-04-03 16:00:00
"2058",1006.44,8.32,2017-04-03 17:00:00
"2059",1028.46,10.34,2017-04-03 18:00:00
"2060",988.38,6.73,2017-04-03 19:00:00
"2061",976.31,8.11,2017-04-03 20:00:00
"2062",1135.28,7.55,2017-04-03 21:00:00
"2063",969.96,11.45,2017-04-03 22:00:00
"2064",927.46,7.52,2017-04-03 23:00:00
"2065",1043.52,7.91,2017-04-04 00:00:00
"2066",1036.86,8.73,2017-04-04 01:00:00
"2067",1139.28,6.09,2017-04-04 02:00:00
"2068",898.66,5.16,2017-04-04 03:00:00
"2069",1007.39,6.95,2017-04-04 04:00:00
"2070",869.63,9.59,2017-04-04 05:00:00
"2071",984.38,6.51,2017-04-04 06:00:00
"2072",1071.8,7.28,2017-04-04 07:00:00
"2073",967.36,4.83,2017-04-04 08:00:00
"2074",1011.82,7.49,2017-04-04 09:00:00
"2075",1066.55,4.98,2017-04-04 10:00:00
"2076",1011.63,6.31,2017-04-04 11:00:00
"2077",1096.17,9.57,2017-04-04 12:00:00
"2078",1029.53,11.79,2017-04-04 13:00:00
"2079",1183.92,10.22,2017-04-04 14:00:00
"2080",1177.35,13.7,2017-04-04 15:00:00
"2081",858.67,10.81,2017-04-04 16:00:00
"2082",814.81,8.1,2017-04-04 17:00:00
"2083",807.89,7.88,2017-04-04 18:00:00
"2084",998.02,11.96,2017-04-04 19:00:00
"2085",1124.18,10.92,2017-04-04 20:00:00
"2086",791.73,5.4,2017-04-04 21:00:00
"2087",1071.21,7.8,2017-04-04 22:00:00
"2088",1119.38,10.15,2017-04-04 23:00:00
"2089",794.04,4.69,2017-04-05 00:00:00
"2090",1174.25,5.04,2017-04-05 01:00:00
"2091",844.02,8.27,2017-04-05 02:00:00
"2092",994.72,4.24,2017-04-05 03:00:00
"2093",1148.82,5.74,2017-04-05 04:00:00
"2094",979.28,5.87,2017-04-05 05:00:00
"2095",857.8,4.2,2017-04-05 06:00:00
"2096",868.15,6.18,2017-04-05 07:00:00
"2097",1135.32,7.64,2017-04-05 08:00:00
"2098",888.56,5.06,2017-04-05 09:00:00
"2099",977.96,4.33,2017-04-05 10:00:00
"2100",888.87,4.5,2017-04-05 11:00:00
"2101",938.5,8.15,2017-04-05 12:00:00
"2102",1154.47,10.82,2017-04-05 13:00:00
"2103",825.65,8.44,2017-04-05 14:00:00
"2104",957.7,10.48,2017-04-05 15:00:00
"2105",819.61,9.36,2017-04-05 16:00:00
"2106",999.61,7.92,2017-04-05 17:00:00
"2107",926.61,9.59,2017-04-05 18:00:00
"2108",1045.69,5.55,2017-04-05 19:00:00
"2109",781.42,12.13,2017-04-05 20:00:00
"2110",1018.68,6.47,2017-04-05 21:00:00
"2111",900.55,9.85,2017-04-05 22:00:00
"2112",982.95,7.01,2017-04-05 23:00:00
"2113",812.4,8.42,2017-04-06 00:00:00
"2114",831.53,6.8,2017-04-06 01:00:00
"2115",805.95,9.54,2017-04-06 02:00:00
"2116",834.61,5.42,2017-04-06 03:00:00
"2117",826.2,5.84,2017-04-06 04:00:00
"2118",1113.86,6.93,2017-04-06 05:00:00
"2119",834.11,5.26,2017-04-06 06:00:00
"2120",1171.57,4.56,2017-04-06 07:00:00
"2121",1091.78,8.12,2017-04-06 08:00:00
"2122",832.01,4.08,2017-04-06 09:00:00
"2123",1120.64,6.8,2017-04-06 10:00:00
"2124",1117.23,7.43,2017-04-06 11:00:00
"2125",888.44,9.2,2017-04-06 12:00:00
"2126",985.94,12.16,2017-04-06 13:00:00
"2127",1060.08,6.81,2017-04-06 14:00:00
"2128",1128.64,12.19,2017-04-06 15:00:00
"2129",1134.79,11.02,2017-04-06 16:00:00
"2130",926.41,9.41,2017-04-06 17:00:00
"2131",1016.96,8.06,2017-04-06 18:00:00
"2132",1051.22,6.66,2017-04-06 19:00:00
"2133",1073.17,7.38,2017-04-06 20:00:00
"2134",849.45,5.93,2017-04-06 21:00:00
"2135",917.22,5.53,2017-04-06 22:00:00
"2136",1138.14,6.63,2017-04-06 23:00:00
"2137",846.36,7.38,2017-04-07 00:00:00
"2138",994.44,8.83,2017-04-07 01:00:00
"2139",911.72,9.51,2017-04-07 02:00:00
"2140",1036.76,6.98,2017-04-07 03:00:00
"2141",871.31,5.11,2017-04-07 04:00:00
"2142",928.33,4.63,2017-04-07 05:00:00
"2143",974.08,9.38,2017-04-07 06:00:00
"2144",1175.11,6.77,2017-04-07 07:00:00
"2145",1067.66,5.9,2017-04-07 08:00:00
"2146",1025.81,4.88,2017-04-07 09:00:00
"2147",1151.75,4.47,2017-04-07 10:00:00
"2148",910.07,6.89,2017-04-07 11:00:00
"2149",918.85,7.32,2017-04-07 12:00:00
"2150",958.3,10.14,2017-04-07 13:00:00
"2151",896.27,8.27,2017-04-07 14:00:00
"2152",1181.24,15.12,2017-04-07 15:00:00
"2153",899.09,13.05,2017-04-07 16:00:00
"2154",1038.09,5.25,2017-04-07 17:00:00
"2155",795.51,11.36,2017-04-07 18:00:00
"2156",948.53,12.28,2017-04-07 19:00:00
"2157",1147.58,12.58,2017-04-07 20:00:00
"2158",1026.23,8.1,2017-04-07 21:00:00
"2159",921.64,8.57,2017-04-07 22:00:00
"2160",1141.42,5.99,2017-04-07 23:00:00
"2161",944.53,6.61,2017-04-08 00:00:00
"2162",905.52,8.71,2017-04-08 01:00:00
"2163",833.67,8.92,2017-04-08 02:00:00
"2164",977.43,4.56,2017-04-08 03:00:00
"2165",801.06,6.94,2017-04-08 04:00:00
"2166",784.8,5.78,2017-04-08 05:00:00
"2167",799.28,7.94,2017-04-08 06:00:00
"2168",1156.17,3.37,2017-04-08 07:00:00
"2169",948.58,3.51,2017-04-08 08:00:00
"2170",799.88,4.64,2017-04-08 09:00:00
"2171",1069.86,5.27,2017-04-08 10:00:00
"2172",1192.29,3.35,2017-04-08 11:00:00
"2173",1103.82,10.89,2017-04-08 12:00:00
"2174",945.08,9.87,2017-04-08 13:00:00
"2175",1013.74,8.34,2017-04-08 14:00:00
"2176",1171.79,12.56,2017-04-08 15:00:00
"2177",1126.63,12.48,2017-04-08 16:00:00
"2178",938.97,8.71,2017-04-08 17:00:00
"2179",989.24,5.44,2017-04-08 18:00:00
"2180",1062.61,5.6,2017-04-08 19:00:00
"2181",1016.77,11.85,2017-04-08 20:00:00
"2182",1119.29,8.17,2017-04-08 21:00:00
"2183",1109.35,10.6,2017-04-08 22:00:00
"2184",1046.38,6.29,2017-04-08 23:00:00
